title,date,url,content,tags
"Angin Kencang Robohkan Pohon dan Tiang Listrik di Pemalang, Warga Kesetrum dan Tertimpa Tiang Listrik","Kamis 05-03-2026,06:50 WIB",https://radartegal.disway.id/lokal/read/723237/angin-kencang-robohkan-pohon-dan-tiang-listrik-di-pemalang-warga-kesetrum-dan-tertimpa-tiang-listrik,"Warga Paguyangan tertimpa tiang listrik saat melintas di Jalan Raya Peguyangan–Bantarbolang
PEMALANG, radartegal.com - Hujan deras disertai angin kencang robohkan pohon dan tiang listrik di wilayah Kabupaten Pemalang, Rabu petang, 4 Maret 2026. Peristiwa ini, terjadi di Jalan Raya Peguyangan–Bantarbolang.
Akibat kejadian tersebut, satu warga Desa Peguyangan, Kecamatan Bantarbolang, kesetrum dan tertimpa tiang listrik saat melintas di lokasi kejadian.
Kepala Pelaksana Badan Penanggulangan Bencana Daerah (BPBD) Kabupaten Pemalang Agus Ikmaludin mengatakan, korban diketahui bernama Puji Eka Sampurna (39). Saat ini korban masih menjalani perawatan intensif di Instalasi Gawat Darurat (IGD) RSUD M. Ashari Pemalang.
""Korban atas nama Puji Eka Sampurna dilaporkan belum sadarkan diri setelah tersetrum dan tertimpa tiang listrik. Saat ini korban dirawat intensif di IGD RSUD M. Ashari Pemalang,"" kata Agus.
Ia menjelaskan, peristiwa terjadi saat hujan dengan intensitas sedang hingga lebat disertai angin kencang melanda wilayah Kabupaten Pemalang.
Kondisi cuaca ekstrem menyebabkan sebuah pohon tumbang dan mengenai jaringan listrik hingga tiang ikut roboh.
Petugas BPBD bersama unsur terkait langsung menuju lokasi untuk melakukan evakuasi korban serta penanganan material pohon dan tiang listrik yang menghalangi akses jalan.
Arus lalu lintas sempat tersendat akibat kejadian tersebut. Agus mengimbau masyarakat untuk meningkatkan kewaspadaan saat beraktivitas di luar ruangan ketika terjadi hujan deras disertai angin kencang, terutama di jalur yang banyak terdapat pepohonan dan jaringan listrik.
""Kami mengingatkan masyarakat agar berhati-hati saat cuaca buruk demi keselamatan bersama,"" pungkasnya.",kabupaten pemalang | kesetrum | tiang listrik | pohon tumbang | hujan | angin kencang | korban
Update Mudik 2026: Daftar Jalur Rawan Kecelakaan dan Titik Macet di Kabupaten Tegal,"Rabu 04-03-2026,21:06 WIB",https://radartegal.disway.id/lokal/read/723235/update-mudik-2026-daftar-jalur-rawan-kecelakaan-dan-titik-macet-di-kabupaten-tegal,"BERI PENJELASAN- Kasat Lantas Polres Tegal menjelaskan pemetaan jalur rawan kecelakaan di Kabupaten Tegal pada awak media.-Hermas Purwadi-
SLAWI, radartegal.com – Menjelang pelaksanaan Operasi Ketupat Candi 2026, Polres Tegal bersama Pemerintah Kabupaten Tegal bergerak cepat memetakan potensi kerawanan lalu lintas. Langkah ini diambil guna menjamin Keamanan, Keselamatan, Ketertiban, dan Kelancaran lalu lintas (Kamseltibcar Lantas) selama periode mudik dan libur Lebaran 2026.
Melalui Focus Group Discussion (FGD) yang digelar di Aula Tantya Sudhirajati, Rabu 4 Maret 2026, sejumlah instansi lintas sektor mulai dari Dinas Perhubungan, Jasa Raharja, hingga pengelola Tol Pejagan-Pemalang bersinergi menyusun strategi pengamanan jalur.
Kapolres Tegal AKBP Bayu Pratama Gubunagi, S.H., S.I.K., M.H., melalui Kasat Lantas AKP Bharatungga Dharuning Pawuri, S.I.K., menegaskan bahwa fokus pengamanan tidak hanya tertuju pada pemudik dari luar kota, tetapi juga mobilitas warga lokal.
""Kita tidak hanya membahas arus mudik, tetapi juga tetap mengakomodir kegiatan masyarakat Kabupaten Tegal. Jangan sampai ada yang terabaikan,"" ujar AKP Bharatungga.
Beberapa kawasan yang diprediksi akan mengalami kepadatan tinggi meliputi:
Bagi para pemudik, harap waspadai titik-titik dengan angka kecelakaan tinggi berikut ini:
Polres Tegal juga memberikan perhatian khusus pada potensi bencana alam:
Pihak kepolisian mengimbau masyarakat untuk terus memantau update lalu lintas terkini melalui media sosial resmi Polres Tegal agar dapat memilih jalur alternatif dengan bijak.",lebaran 2026 | polres tegal | kabupaten tegal | jalur rawan | lalu lintas | media sosial | mudik
"Dikenalkan, Pelaku Usaha IKM di Tegal Didorong Manfaatkan Teknologi AI untuk Dongkrak Pemasaran","Rabu 04-03-2026,21:00 WIB",https://radartegal.disway.id/lokal/read/723234/dikenalkan-pelaku-usaha-ikm-di-tegal-didorong-manfaatkan-teknologi-ai-untuk-dongkrak-pemasaran,"Anggota Komisi X DPR RI Abdul Fikri saat menghadiri Bintek Pengenalan Teknologi AI bagi pelaku usaha IKM di Tegal
TEGAL, radartegal.com - Sejumlah pelaku usaha Industri Kecil Menengah (IKM) di TEGAL dikenalkan teknologi Artificial Intellegence (AI), Rabu, 4 Maret 2026 siang. Melalui kegiatan itu, mereka diharapkan mampu memanfaatkan teknologi itu untuk mendongkrak pemasaran produk mereka sendiri.
Anggota Komisi X DPR RI Abdul Fikri, sesaat setelah membuka acara mengatakan, kegiatan digelar Badan Riset dan Inovasi Nasional (BRIN) yang merupakan mitra kerja pihaknya. Kegiatan kali ini dilakukan untuk memperkenalkan teknologi AI kepada para pelaku IKM, khususnya di Kota Tegal dan sekitarnya.
""Saat ini, perkembangan teknologi khususnya AI cukup hangat diperbincangkan, sayangnya banyak diantara kita yang jangankan menggunakan, paham saja tidak. Sehingga, kali ini kita perkenalkan kepada para pelaku IKM,"" katanya.
Menurut Fikri, melalui kegiatan itu, para pelaku IKM akan mampu beradaptasi dengan perkembangan teknologi. Sehingga tidak tertinggal dengan daerah lainnya.
""Jadi ini dikenalkan untuk IKM, agar jangan sampai tertinggal karena yang lain sudah menggunakan AI. Kalau sudah ada pelatihan, maka bisa diketahui kelebihan dan kelemahan AI itu sendiri,"" ujarnya.
Politisi PKS itu mengungkapkan banyak sekali kegunaan teknologi AI. Seperti untuk branding atau bahkan untuk memasarkan produk-produk IKM itu sendiri.
""Sebenarnya penggunaan AI itu sendiri cukup mudah, tinggal memasukkan perintah menggunakan bahasa Indonesia. Sehingga, ini bisa dimanfaatkan untuk membantu memasarkan produk dari IKM,"" terangnya.
Meski begitu, imbuh Fikri, memang ada juga kelemahan dalam penggunaan AI itu. Sehingga, perlu sikap kehati-hatian dalam menggunakannya dan tidak perlu semua dimasukkan sebagai input dalam penggunaan AI.
""Seperti data pribadi, itu jangan sampai semua diinput. Karena nantinya bisa disalahgunakan,"" tandasnya.",berita tegal terbaru | berita tegal hari ini | berita tegal | kota tegal | brin | tegal | dpr ri
"Tiga Nama Lolos Seleksi Akhir Sekda Pemalang, Ini Daftarnya","Rabu 04-03-2026,20:30 WIB",https://radartegal.disway.id/lokal/read/723233/tiga-nama-lolos-seleksi-akhir-sekda-pemalang-ini-daftarnya,"Ilustrasi 3 nama calon sekda pemalang yang lolos seleksi akhir
PEMALANG, radartegal.com - Panitia Seleksi Terbuka dan Kompetitif Pengisian Jabatan Pimpinan Tinggi (JPT) Pratama Sekretaris Daerah Kabupaten Pemalang Tahun 2026 resmi mengumumkan hasil akhir seleksi, Rabu 4 Februari 2026. Itu, seperti tertuang dalam pengumuman Nomor: 24/JPTP-SEKDA/2026 tentang Hasil Akhir Seleksi Terbuka dan Kompetitif Pengisian JPT Pratama Sekretaris Daerah Kabupaten Pemalang Tahun 2026.
Berdasarkan Berita Acara Rapat Koordinasi Pelaksanaan Penetapan Hasil Akhir Seleksi Terbuka dan Kompetitif Pengisian JPT Pratama Sekretaris Daerah Kabupaten Pemalang Tahun 2026 Nomor 22/BA/JPTP-SEKDA/2026 tanggal 3 Maret 2026. Panitia seleksi menetapkan tiga nama Pegawai Negeri Sipil yang direkomendasikan kepada Bupati Pemalang selaku Pejabat Pembina Kepegawaian.
Dalam pengumuman tersebut dijelaskan, seluruh tahapan dan materi seleksi telah dilaksanakan sesuai dengan ketentuan. Sebagaimana tercantum dalam Pengumuman Panitia Seleksi Nomor 04/JPTP-SEKDA/2026 tanggal 11 Februari 2026.
Ketua Panitia Seleksi (Pansel) Hardi Warsono menegaskan bahwa keputusan yang diambil bersifat mutlak dan tidak dapat diganggu gugat. ""Selanjutnya, keputusan akhir penetapan Sekretaris Daerah Kabupaten Pemalang akan berada di tangan Bupati Pemalang selaku Pejabat Pembina Kepegawaian,"" tukasnya.
Ketiga nama tersebut disusun berdasarkan urutan abjad dan akan dipilih satu orang untuk ditetapkan sebagai Sekretaris Daerah Kabupaten Pemalang. Adapun ketiga nama kandidat tersebut yakni, Drs. Ahmady Stiawan Widatmojo, AP., M.M., yang saat ini menjabat sebagai Kepala Dinas Lingkungan Hidup Kabupaten Pemalang.
Selanjutnya, Drs. Andri Adi, M.Si., yang menjabat sebagai Kepala Dinas Pemberdayaan Masyarakat dan Pemerintahan Desa Kabupaten Pemalang. Serta Bagus Sutopo, S.STP., MAP., yang menjabat sebagai Asisten Administrasi Umum Sekretariat Daerah Kabupaten Pemalang.",sekda pemalang | kabupaten pemalang | sekda
"Diduga Tertekan, Remaja 18 Tahun Berbuat Aksi Nekat di Perlintasan KA Brigif 4 Slawi Hingga Diamankan Petugas","Rabu 04-03-2026,14:30 WIB",https://radartegal.disway.id/lokal/read/723224/diduga-tertekan-remaja-18-tahun-berbuat-aksi-nekat-di-perlintasan-ka-brigif-4-slawi-hingga-diamankan-petugas,"REMAJA- DITENANGKAN - Kepala Dinas Perhubungan Kabupaten Tegal Elliya Hidayah SIP MM turut menenangkan remaja 18 tahun yang melakukan aksi nekat di perlintasan KA Brigif 4/Dewa Ratna Slawi. -Hermas Purwadi-
SLAWI, radartegal.com – Diduga tertekan, seorang remaja berinisial KH, 18 tahun, warga Desa Cerih, Kecamatan Jatinegara, Kabupaten Tegal nyaris mengakhiri hidupnya di perlintasan sebidang pada Rabu 4 Maret 2026. Beruntung, aksi nekat di perlintasan KA Brigif 4 SLAWI tersebut berhasil digagalkan petugas jaga perlintasan kereta api (KA) di area Brigif 4/Dewa Ratna.
Kepala Dinas Perhubungan (Dishub) Kabupaten Tegal Elliya Hidayah, SIP, MM, melalui Kabid Manajemen Rekayasa Lalu Lintas, Agil Suprayogi, menjelaskan bahwa insiden terjadi sekitar pukul 11.40 WIB. Remaja tersebut terlihat menyusuri rel dengan gelagat mencurigakan.
""Yang bersangkutan sempat bertanya kepada petugas jaga mengenai jam melintas KA Joglosemarkerto. Melihat gelagat yang kurang baik, petugas kami segera mengamankan KH ke dalam pos jaga sebelum kereta melintas,"" ungkap Agil.
Setelah diamankan, pihak Dishub segera berkoordinasi dengan Dinas Sosial (Dinsos) serta Unit Pemberdayaan Perempuan dan Anak (PPA) untuk penanganan lebih lanjut.
Pendamping Rehabilitasi Sosial Dinsos Kabupaten Tegal Fathan mengungkapkan bahwa aksi nekat remaja 18 tahun itu dipicu oleh beban psikologis akibat kondisi ekonomi keluarga. Berdasarkan hasil asessmen, diketahui ayah korban sedang menderita stroke, sementara ibunya bekerja serabutan sebagai buruh cuci.
""KH merasa tertekan karena ingin membantu ekonomi keluarga dengan bekerja sebagai ABK (Anak Buah Kapal), namun upaya tersebut belum membuahkan hasil,"" jelas Fathan.
Setelah diberikan pendampingan, KH langsung diantarkan pulang ke rumah keluarganya di Desa Cerih.
Insiden ini menjadi pengingat keras bagi masyarakat mengenai bahaya beraktivitas di sekitar jalur kereta api. Pemkab Tegal sebelumnya telah mengeluarkan Surat Edaran Bupati Tegal Nomor 100.3.4/77-1/15 yang melarang keras segala bentuk aktivitas di sepanjang jalur rel.
Agil Suprayogi menegaskan bahwa seiring meningkatnya frekuensi dan kecepatan kereta api di wilayah Tegal, risiko kecelakaan semakin tinggi.
""Kami melarang masyarakat melakukan aktivitas seperti bermain, berjalan di atas rel, membuat konten video, berswafoto, hingga nongkrong di area perlintasan sebidang. Ini demi keselamatan bersama,"" tegasnya.

REMAJA- DITENANGKAN - Kepala Dinas Perhubungan Kabupaten Tegal Elliya Hidayah SIP MM turut menenangkan remaja 18 tahun yang melakukan aksi nekat di perlintasan KA Brigif 4/Dewa Ratna Slawi. -Hermas Purwadi-
Pihak Dishub dan Dinsos mengimbau masyarakat untuk lebih peka terhadap kondisi mental anggota keluarga dan melaporkan segera jika melihat aktivitas mencurigakan di jalur transportasi publik.",keselamatan ka | berita tegal hari ini | slawi | brigif | perlintasan kereta api | kabupaten tegal | dishub | kereta api
Kasus Judi Sabung Ayam di Panggung Tegal: Polisi Pastikan Prosedur Sesuai SOP,"Rabu 04-03-2026,12:48 WIB",https://radartegal.disway.id/lokal/read/723222/kasus-judi-sabung-ayam-di-panggung-tegal-polisi-pastikan-prosedur-sesuai-sop,"BERI KETERANGAN- Polres Tegal Kota memberikan keterangan resmi terkait operasi penertiban dugaan praktik judi sabung ayam di Jalan Timor Timur, Kelurahan Panggung, Minggu 1 Maret 2026.
TEGAL, radartegal.com – Polres TEGAL Kota memberikan keterangan resmi terkait operasi penertiban dugaan praktik judi sabung ayam di Jalan Timor Timur, Kelurahan Panggung, Minggu 1 Maret 2026. Selain menjelaskan prosedur kepolisian, pihak aparat juga mengungkap perkembangan terbaru terkait penemuan sejumlah warga yang meninggal dunia akibat tenggelam di wilayah Kabupaten TEGAL.
Operasi ini bermula dari laporan masyarakat yang masuk sekitar pukul 13.00 WIB. Tim Satreskrim Polres Tegal Kota yang dipimpin AKP Husen Asnawi langsung menuju lokasi yang diduga menjadi arena judi sabung ayam di Kecamatan Tegal Timur.
Meski saat petugas tiba aktivitas perjudian sudah berhenti, polisi berhasil mengamankan sejumlah barang bukti kuat, di antaranya:
Dalam kegiatan tersebut, empat pria berinisial MF, W, AS, dan IJ turut diamankan ke Mapolres Tegal Kota untuk dimintai keterangan sebelum akhirnya dipulangkan setelah proses klarifikasi.
Kasat Reskrim AKP Husen Asnawi menegaskan bahwa seluruh rangkaian penertiban berjalan secara persuasif sesuai Standar Operasional Prosedur (SOP).
""Petugas tidak melakukan pengejaran, tidak menggunakan senjata api, serta tidak ada kekerasan maupun intimidasi. Kami mengedepankan imbauan agar masyarakat di lokasi tetap kooperatif,"" ujar AKP Husen. Ia juga menambahkan bahwa segala bentuk perjudian adalah tindak pidana yang akan diproses sesuai hukum yang berlaku.
Bersamaan dengan peristiwa tersebut, publik dikejutkan dengan penemuan jenazah di kawasan Pantai Larangan, Kabupaten Tegal. Korban pertama teridentifikasi berinisial MA, 32 tahun, warga Desa Dampyak, yang diduga mencoba melarikan diri dengan menyeberangi sungai saat melihat kedatangan petugas.
Penyelidikan lebih lanjut mengungkap adanya dua korban meninggal dunia lainnya yang merupakan rekan korban pertama, yaitu: S, warga Desa Dampyak, Kecamatan Kramat. KS, warga Kelurahan Panggung, Kota Tegal.
Sementara itu, satu orang lain berinisial U yang sempat dilaporkan hilang telah dikonfirmasi selamat dan saat ini diketahui sedang berada di luar kota berdasarkan keterangan pihak keluarga.
Kapolres Tegal Kota AKBP Heru A. Cahya menyampaikan rasa duka cita mendalam kepada keluarga korban. Ia meminta masyarakat untuk tetap tenang dan tidak termakan isu liar yang belum terverifikasi.

BERI KETERANGAN- Polres Tegal Kota memberikan keterangan resmi terkait operasi penertiban dugaan praktik judi sabung ayam di Jalan Timor Timur, Kelurahan Panggung, Minggu 1 Maret 2026.
""Kami tegaskan kembali, tidak ada pengejaran atau penggunaan senjata api dalam penertiban tersebut. Kami berkomitmen menangani kasus ini secara transparan dan akuntabel. Kami minta masyarakat menunggu hasil resmi penyelidikan,"" pungkas AKBP Heru.",panggung | kapolres tegal kota | judi | sabung ayam | sop | perjudian | tegal
"Seleksi Sekda Pemalang 2026 Masuki Tahap Krusial, 6 Nama Siap Rebut Tiga Besar","Rabu 04-03-2026,09:59 WIB",https://radartegal.disway.id/lokal/read/723215/seleksi-sekda-pemalang-2026-masuki-tahap-krusial-6-nama-siap-rebut-tiga-besar,"Proses seleksi Sekda Pemalang kini memasuki tahap krusial berupa uji wawancara dan presentase
PEMALANG, radartegal.com - Enam pejabat eselon di lingkungan Pemerintah Kabupaten (Pemkab) PEMALANG saat ini tengah bersaing memperebutkan kursi Sekretaris Daerah (Sekda). Proses seleksi kini memasuki tahap krusial berupa uji wawancara dan presentasi.
Ketua Panitia Seleksi (Pansel) Sekda Pemalang, Hardi Warsono, mengatakan tahapan seleksi telah memasuki uji wawancara dan presentasi. Tahap tersebut digelar pada Selasa 3 Februari 2026 di salah satu hotel di Kota Semarang.
""Tadi pagi sudah dilaksanakan tahapan uji wawancara dan presentasi bertempat di salah satu hotel di Kota Semarang,"" katanya.
Ia menambahkan, dari enam peserta tersebut nantinya akan dipilih tiga nama terbaik untuk diajukan kepada Bupati Pemalang selaku Pejabat Pembina Kepegawaian (PPK).
""Setelah ini akan diumumkan tiga besar dan selanjutnya diserahkan kepada bupati selaku PPK,"" pungkasnya.
Untuk diketahui, dari enam nama yang lolos tahapan seleksi, terbentuk dua “gerbong” besar berdasarkan latar belakang pendidikan, yakni dari kalangan tiga alumni Institut Pemerintahan Dalam Negeri (IPDN) dan tiga pejabat non-alumni.
Tiga calon berlatar belakang IPDN masing-masing Ahmady Stiawan Widatmojo, Andri Adi, dan Bagus Sutopo. Sementara dari kalangan non-IPDN terdapat Eko Adi Santoso, Joko Tri Asmoro, dan Umroni.",kabupaten pemalang | sekda | pemalang
SICANTIKS Pemkot Tegal: Kawah Candradimuka Agen Literasi Keuangan Syariah,"Rabu 04-03-2026,09:30 WIB",https://radartegal.disway.id/lokal/read/723216/sicantiks-pemkot-tegal-kawah-candradimuka-agen-literasi-keuangan-syariah,"SICANTIKS - Ketua PKK Kota Tegal Gadis Sephi Febriana jadi Bunda SICANTIKS Kota Tegal.-istimewa-
TEGAL, radartegal.com - Sahabat Ibu Cakap Literasi Keuangan Syariah alias SICANTIKS, resmi digelar Pemkot Tegal di Gedung Adipura Balai Kota, Selasa, 3 Maret 2026. Kegiatan kolaborasi Otoritas Jasa Keuangan (OJK) dan PKK Kota Tegal itu menjadi Kawah Candradimuka agen literasi Keuangan Syariah di Kota Bahari.
Kegiatan SICANTIKS 2026 resmi dibuka Wali Kota Tegal, Dedy Yon Supriyono. Hadir Kepala OJK Tegal Kurnia Tri Puspita beserta jajaran, Ketua TP PKK Kota Tegal Gadis Sephi Febriana, Narasumber, Ketua TP PKK Kecamatan dan Kelurahan, Kader Dasawisma, pelaku UMKM binaan, insan media, serta seluruh peserta SICANTIKS.
Dedy Yon menyampaikan apresiasi atas kolaborasi strategis antara OJK dan TP PKK Kota Tegal dalam meningkatkan literasi keuangan syariah di tengah masyarakat, khususnya bagi kaum perempuan.
“Perempuan, khususnya ibu-ibu PKK, memiliki peran penting dalam menjaga stabilitas ekonomi keluarga. Ibu adalah pengelola keuangan rumah tangga sekaligus pengambil keputusan finansial sehari-hari,” kata Dedy Yon.
Menurutnya dalam rumah tangga modern, peran suami dan istri semakin dinamis. Namun dalam perspektif Islam terdapat tiga prinsip penting yang harus dipahami, yakni kewajiban, pilihan, dan penunjang.
Maka, literasi keuangan keluarga menjadi sangat penting di tengah tantangan ekonomi yang semakin kompleks. Pemasukan yang besar tidak menjamin kesejahteraan apabila tidak dikelola dengan baik dan terencana.
“Melalui SICANTIKS ini, saya berharap ibu-ibu PKK menjadi agen literasi keuangan syariah di lingkungannya masing-masing. Tidak hanya memahami prinsip keuangan syariah, tetapi juga mampu mengedukasi masyarakat agar terhindar dari praktik keuangan ilegal,” tegasnya.
Dedy Yon melalui SICANTIKS lahir kader-kader perempuan yang menjadi duta literasi keuangan syariah hingga tingkat kecamatan, kelurahan, dan dasawisma.
Sementara itu, Kepala OJK Tegal, Kurnia Tri Puspita, menyampaikan bahwa peran ibu sangat strategis dalam edukasi dan pengelolaan keuangan keluarga.
Dalam keuangan syariah, prinsip utama terletak pada akad, dengan sistem bagi hasil, bukan bunga.

SICANTIKS - Ketua PKK Kota Tegal Gadis Sephi Febriana jadi Bunda SICANTIKS Kota Tegal.-istimewa-
Ia menjelaskan secara singkat tiga prinsip penting dalam pengelolaan keuangan, yakni tabungan sebagai pondasi, proteksi sebagai perlindungan, dan investasi sebagai kebun yang perlu dirawat agar berkembang.
Kurnia juga mengingatkan masyarakat untuk waspada terhadap berbagai modus penipuan keuangan, termasuk melalui SMS dan WhatsApp, serta penawaran investasi bodong.
Jika sudah terlanjur menjadi korban, masyarakat diminta segera melapor agar dapat segera dilakukan pemblokiran dan penanganan.
Melalui kolaborasi antara Otoritas Jasa Keuangan Tegal dan TP PKK Kota Tegal diharapkan mampu melahirkan ibu-ibu yang cakap, bijak, dan tangguh dalam mengelola keuangan keluarga sesuai prinsip syariah.",sicantiks | wali kota tegal | keuangan syariah | pkk | agen | ojk
Opsar Tiga Orang yang Hanyut Saat Diduga Menghindari Penggerebekan Judi Sabung Ayam di Tegal Dihentikan,"Selasa 03-03-2026,19:30 WIB",https://radartegal.disway.id/lokal/read/723212/opsar-tiga-orang-yang-hanyut-saat-diduga-menghindari-penggerebekan-judi-sabung-ayam-di-tegal-dihentikan,"EVAKUASI - Sejumlah petugas mengevakuasi salah satu korban hanyut di Sungai Ketiwon ke rumah sakit
TEGAL, radartegal.com - Operasi pencarian terhadap empat orang yang sebelumnya dilaporkan hanyut di Sungai Ketiwon Kelurahan Panggung Kecamatan TEGAL Timur Kota TEGAL akhirnya dihentikan, Selasa, 3 Maret 2026. Hasilnya, tiga orang ditemukan dalam kondisi meninggal dunia masing-masing MA dan SM warga Kabupaten TEGAL serta SE warga Kota TEGAL.
Sementara UD yang sebelumnya dikabarkan ikut hanyut, ternyata tidak ikut tenggelam dan dilaporkan selamat. Para korban hanyut, setelah diduga nekat terjun ke sungai saat menghindari penggerebekan sabung ayam yang dilakukan pihak berwajib.
Ketua PMI Kabupaten Tegal Imam Sisworo melalui Kepala Markas Sunarto mengatakan Operasi SAR (Opsar) hari ke-2 pencarian hanyut di Sungai Ketiwon secara resmi dihentikan. Itu, setelah seluruh korban berhasil teridentifikasi.
Menurutnya, dalam pelaksanaan operasi, tiga orang korban berhasil ditemukan. Sedangkan satu orang atas nama UD warga Kelurahan Panggung, Kecamatan Tegal Timur, yang semula dilaporkan hanyut, berdasarkan hasil konfirmasi dinyatakan tidak hanyut.
""Sebelumnya, memang UD dilaporkan ikut hanyut, namun sudah terkonfirmasi tidak hanyut, karena yang bersangkutan diketahui meninggalkan rumah. Dengan begitu, empat orang telah teridentifikasi dan Operasi SAR Gabungan dinyatakan selesai,"" tegasnya.
Pada kesempatan itu, Sunarto mengatakan pihaknya menyampaikan terimakasih kepada seluruh unsur yang tergabung dalam opsar. Atas kerja sama, dedikasi, dan upaya maksimal yang telah dilakukan selama proses pencarian.
Sebelumnya sempat diberitakan, empat orang Pemuda di Tegal diduga hanyut di Sungai Ketiwon pada Minggu, 1 Maret 2026. Keempatnya diduga hanyut setelah melompat ke sungai saat berupaya menghindari penggerebekan sabung ayam yang dilakukan pihak berwajib.",berita tegal terbaru | berita tegal hari ini | judi | berita tegal | sabung ayam | kota | tegal
Persiapan Mudik 2026: Dishub Kabupaten Tegal Mulai Perbaiki PJU dan Jalur Alternatif,"Selasa 03-03-2026,15:52 WIB",https://radartegal.disway.id/lokal/read/723207/persiapan-mudik-2026-dishub-kabupaten-tegal-mulai-perbaiki-pju-dan-jalur-alternatif,"RINCI - Kabid Prasarana Perlengkapan Jalan bersama sekretaris Dishub berembug merinci perbaikan perlengkapan jalan jelang arus mudik Lebaran 2026 di Kabupaten Tegal.-Hermas Purwadi-
SLAWI, radartegal.com — Guna menjamin keselamatan dan kenyamanan pemudik yang akan melintas di wilayah Kabupaten Tegal, Dinas Perhubungan (Dishub) melalui Bidang Prasarana dan Perlengkapan Jalan mulai tancap gas melakukan pembenahan fasilitas jalan. Fokus utama saat ini adalah perbaikan serta penggantian Lampu Penerangan Jalan Umum (PJU) di jalur utama dan alternatif.
Sekretaris Dishub Kabupaten Tegal Muhammad Nuh, didampingi Kabid Prasarana Perlengkapan Jalan, Bayu Atmo, menjelaskan bahwa seluruh perbaikan fisik ditargetkan mulai berjalan masif pada H-14 Lebaran 2026.
""Saat ini kami sedang melakukan tahap identifikasi lapangan untuk memetakan titik-titik lampu yang membutuhkan penanganan mendesak, baik di jalur Pantura, jalur Selatan, hingga akses wisata Yomani arah Guci,"" ujar Muhammad Nuh, Selasa 3 Maret 2026).
Pihak Dishub telah merinci titik-titik krusial yang menjadi prioritas penerangan:
Catatan Teknis: Untuk jalur Yomani arah Guci, petugas memberikan perhatian ekstra mengingat adanya kendala teknis berupa pergerakan tanah di lintasan tersebut yang dapat memengaruhi stabilitas tiang penyangga jalan.
Selain penerangan, Dishub juga memastikan kesiapan alat kendali lalu lintas lainnya:
APILL (Traffic Light): Sebanyak 19 titik di Kabupaten Tegal dinyatakan dalam kondisi 100% berfungsi baik.
Palang Pintu Kereta Api: Perbaikan telah rampung dilakukan di beberapa titik krusial, antara lain:",mudik 2026 | yomani | guci | kabupaten tegal | pju | pantura | dishub | purwokerto
"Banyak SPPG di Brebes Belum Miliki Izin Persetujuan Bangunan Gedung, DPU: Hanya Ada Satu Pemohon","Selasa 03-03-2026,14:30 WIB",https://radartegal.disway.id/lokal/read/723204/banyak-sppg-di-brebes-belum-miliki-izin-persetujuan-bangunan-gedung-dpu-hanya-ada-satu-pemohon,"Banyak Satuan Pelayanan Pemenuhan Gizi (SPPG) di Kabupaten Brebes belum mengantongi izin Persetujuan Bangunan Gedung (PBG).(Istimewa)
BREBES, radartegal.com - Banyak Satuan Pelayanan Pemenuhan Gizi (SPPG) di Kabupaten Brebes belum mengantongi izin Persetujuan Bangunan Gedung (PBG). Dari jumlah SPPG di Brebes, hanya satu yang sudah melakukan permohonan PBG yakni SPPG di Desa Dukuhmaja, Kecamatan Songgom.
Hal itu mengutip data dari web Sistem Informasi Manajemen Bangunan (SIMBg) yakni simbg.pu.go.id. Dari data yang ada di simbg.pu.go.id, sepanjang 2025 lalu dan hingga awal Maret 2026 baru hanya ada satu SPPG yang melakukan permohonan PBG.
SPPG yang sudah melakukan permohonan PBG yakni SPPG di Desa Dukuhmaja, Kecamatan Songgom. Data dari simbg.pu.go.id diketahui, sepanjang 2025 dan awal 2026 itu ada beberapa pemohon dalam mengurus PBG.
Mulai dari permohonan PBG hunian pribadi, perumahan, kios, kontrakan hingga apotek atau klinik dan lainnya.
Menurut Kabid Cipta Karya Dinas Pekerjaan Umum (DPU) Kabupaten Brebes M. Idrus mengatakan, pentingnya memiliki Persetujuan Bangunan Gedung adalah untuk menjamin bangunan yang terbangun sesuai dengan standar teknis bangunan gedung. Serta perlu legalitas dari bangunan tersebut.
""Sama dengan di web simbg.pu.go.id, kami juga baru menerima laporan baru ada satu pemohon yang mengurus PBG,"" jelasnya saat dikonfirmasi, Selasa 3 Maret 2026 oleh media melalui sambungan telepon genggamnya.
Seperti diketahui, bangunan dapur program Makan Bergizi Gratis (MBG) di Kabupaten Brebes itu sebagian besar telah beroperasi selama beberapa bulan terakhir. Namun, kenyataannya mengutip dari simbg.pu.go.id baru ada satu yang melakukan permohonan Persetujuan Bangunan Gedung.
Idrus menyampaikan, peran DPU Brebes yaitu melakukan asesmen atau rekomendasi setelah ada pengajuan izin. Soal administrasi, penerbitan izin dan sebagainya berada di Dinas Penanaman Modal dan Pelayanan Terpadu Satu Pintu (DPMPTSP).
""Sedangkan Sertifikat Layak Fungsi (SLF) penting sebagai legalitas atau bukti administrasi bahwa bangunan tersebut sudah laik fungsi dari segi keselamatan, kesehatan, kenyamanan dan kemudahan,"" pungkasnya.",makan bergizi gratis | mbg | brebes hari ini | pbg | slf | kabupaten brebes
Kades Brekat Tegal Resmi Lapor Polisi Terkait Dugaan Penganiayaan oleh Warga,"Selasa 03-03-2026,13:46 WIB",https://radartegal.disway.id/lokal/read/723205/kades-brekat-tegal-resmi-lapor-polisi-terkait-dugaan-penganiayaan-oleh-warga,"ADUAN - Kades Brekat menunjukkan surat aduan dugaan penganiayaan kepada awak media.-Hermas Purwadi-
TARUB, radartegal.com- Kepala Desa Brekat Kecamatan TARUB Kabupaten Tegal, Sabar, 36 tahun, melaporkan dugaan penganiayaan ke Polres Tegal setelah dikeroyok sekelompok warga di depan Balai Desa. Insiden ini diduga dipicu oleh ketidakpuasan warga terkait penyesuaian tarif iuran sampah desa.
Peristiwa bermula pada Senin, 2 Maret 2026, sekitar pukul 09.40 WIB. Saat itu, Sabar hendak meninggalkan Kantor Balai Desa Brekat untuk menghadiri undangan di Dinas Permades. Namun, akses keluar dihalangi oleh sekelompok warga yang berkumpul di pintu gerbang.
""Mereka berteriak meminta saya turun dari mobil. Akhirnya saya menemui mereka di teras balai desa untuk mendengarkan keluhan terkait penanganan sampah,"" ujar Sabar saat memberikan keterangan di Mapolres Tegal, Selasa 3 Maret 2026.
Berdasarkan keterangan korban, keributan dipicu oleh perubahan skema pengelolaan sampah di Desa Brekat. Selama dua tahun terakhir, sampah dikelola oleh masing-masing RT/RW, namun karena TPA yang overload, pengelolaan dialihkan ke tingkat desa per Februari 2026.
Akibat kendala biaya operasional armada truk, iuran sampah mengalami penyesuaian:
""Ada warga yang tidak puas karena merasa pengangkutan sampah terlambat. Saat saya sedang menjelaskan dan menunggu kehadiran Bhabinkamtibmas serta Babinsa, situasi memanas,"" tambah Sabar.
Dalam laporannya, Sabar mengaku mendapatkan tindakan kekerasan saat mencoba berdialog. Ia didorong dan ditendang pada bagian paha kiri hingga terjatuh dan mengalami luka memar.
""Salah satu warga mengajak berkelahi, lalu mendorong dan menendang paha saya sampai jatuh. Beruntung perangkat desa lain segera melerai,"" tegasnya.
Kini, kasus tersebut telah masuk dalam penanganan pihak kepolisian untuk penyelidikan lebih lanjut terkait unsur penganiayaan sesuai hukum yang berlaku.",brekat | tarub | polres tegal | kabupaten tegal | kepala desa | perangkat desa | sampah
"Tarhim di Masjid Jami Baburrahman Wonokromo, Camat Comal Pemalang Singgung soal Kebersihan Lingkungan","Selasa 03-03-2026,13:05 WIB",https://radartegal.disway.id/lokal/read/723203/tarhim-di-masjid-jami-baburrahman-wonokromo-camat-comal-pemalang-singgung-soal-kebersihan-lingkungan,"COMAL, radartegal.com – Camat COMAL Muchammad Maksum S.IP MM melaksanakan kegiatan Tarhim Ramadan di Masjid Jami Baburrahman, Desa Wonokromo, Kecamatan COMAL, Kabupaten Pemalang. Senin 2 Maret 2026. Dalam kegiatan itu, camat mengimbau masyarakat untuk menjaga kebersihan lingkungan, meningkatkan kepedulian sosial, serta memanfaatkan bulan suci dengan memperbanyak ibadah dan kegiatan positif.
Dalam sambutannya, Camat Comal Muchammad Maksum S.IP MM mengajak seluruh masyarakat Desa Wonokromo menjadikan Ramadan sebagai momentum meningkatkan keimanan dan ketakwaan kepada Allah SWT. Ia juga mengingatkan pentingnya menjaga persatuan, keamanan, dan ketertiban lingkungan selama bulan Ramadan.
""Melalui kegiatan Tarhim ini, kami ingin mempererat silaturahmi antara pemerintah kecamatan dengan masyarakat. Semoga Ramadan tahun ini membawa keberkahan bagi kita semua,"" ujar Camat Comal.
Kegiatan tersebut berlangsung khidmat dan diikuti oleh jamaah serta tokoh masyarakat setempat. Dalam kegiatan tersebut, Camat Comal hadir bersama unsur Forkopimcam dan jajaran terkait, di antaranya Babinsa, Ketua KUA Comal, Kasi Trantib Kecamatan Comal, KSB Binpro, serta pendamping PKH.
Kehadiran para unsur ini menjadi bentuk sinergi dan kebersamaan pemerintah dengan masyarakat dalam menyemarakkan bulan suci Ramadan.
Sementara itu, Kepala Desa Wonokromo Imron Asnawi dalam sambutannya menyampaikan apresiasi dan terima kasih atas kehadiran Camat Comal beserta rombongan dalam kegiatan Tarhim. Ia menyebutkan bahwa kegiatan tersebut menjadi motivasi bagi masyarakat untuk semakin semangat dalam beribadah dan mempererat silaturahmi.
""Kami merasa bangga dan bersyukur atas kehadiran Bapak Camat beserta jajaran. Semoga kegiatan ini membawa keberkahan bagi Desa Wonokromo dan semakin mempererat hubungan antara pemerintah dan masyarakat,"" ungkapnya.
Ia juga mengajak seluruh warga untuk menjaga kondusivitas wilayah selama Ramadan, meningkatkan kebersamaan, serta menghidupkan masjid dengan berbagai kegiatan ibadah.
Kegiatan Tarhim Ramadan 2026 ini diharapkan semakin memperkuat ukhuwah Islamiyah serta membangun komunikasi yang harmonis antara pemerintah dan masyarakat di wilayah Kecamatan Comal.",wonokromo | kepedulian sosial | tarhim | comal | kebersihan lingkungan | sinergi | pemalang | ramadan
"Jadi Trouble Spot Setiap Arus Mudik, Satlantas Tinjau Pasar Bulakamba Brebes","Selasa 03-03-2026,11:46 WIB",https://radartegal.disway.id/lokal/read/723201/jadi-trouble-spot-setiap-arus-mudik-satlantas-tinjau-pasar-bulakamba-brebes,"Pasar Bulakamba menjadi salah satu titik yang setiap tahunnya menjadi trauble spot kepadatan kendaraan saat arus mudik. Kasatlantas Brebes cek Pasar Bulakamba dalam persiapan arus mudik nanti.(istimewa)
BREBES, radartegal.com - Pasar Bulakamba menjadi salah satu titik yang setiap tahunnya menjadi trouble spot kepadatan kendaraan saat arus mudik. Hal tersebut diungkapkan oleh Kasatlantas Polres Brebes AKP Ahmad Zainurrozaq saat meninjau Pasar Bulakamba sebagai persiapan menyambut arus mudik 2026.
Kasatlantas mengatakan pihaknya sudah melakukan diskusi dengan instansi terkait dalam antisipasi kepadatan di wilayah Brebes, khususnya di Pasar Bulakamba yang menjadi trouble spot setiap arus mudik.
Menurutnya, ada dua hal yang menjadi penyebab Pasar Bulakamba menjadi trouble spot.
""Yang pertama itu adanya penyeberangan liar dan parkir serta pedagang yang berjualan memakan bahu jalan,"" ujarnya, Selasa 3 Maret 2026.
Disebutkannya, setiap tahunnya Pasar Bulakamba menjadi trouble spot yang menyebabkan kepadatan kendaraan saat arus mudik. Karena adanya warga yang melakukan penyeberangan liar menjadikan adanya perlambatan kendaraan.
""Jadi adanya warga yang menyeberang liar itu menjadikan adanya perlambatan kendaraan dari arah timur dan barat. Sehingga pengendara memperlambat antrean di belakangannya,"" jelasnya.
Sementara untuk mengantisipasi pedagang yang memakan bahu jalan dan parkir, pihaknya akan melakukan sejumlah strategi. Di antaranya, pihaknya akan memasang barier agar pedagang dan tukang parkir tidak memakan bahu jalan.
""Sementara untuk mengantisipasi penyeberangan liar, kami akan memasang tolo-tolo. Sehingga, masyarakat yang ingin menyeberang akan nyeberang di lokasi yang telah ditentukan,"" pungkasnya.",bulakamba | brebes hari ini | trouble spot | bupati brebes | arus mudik | kabupaten brebes
"Kanopi Atap Pasar Trayeman Tegal Ambruk, DPRD Desak Pemkab Segera Lakukan Perbaikan","Selasa 03-03-2026,11:00 WIB",https://radartegal.disway.id/lokal/read/723199/kanopi-atap-pasar-trayeman-tegal-ambruk-dprd-desak-pemkab-segera-lakukan-perbaikan,"PERBAIKAN - DPRD desak pemkab segera lakukan perbaikan kanopi atap Pasar Trayeman Tegal yang ambruk.-Yeri Noveli/Radar Tegal Grup-
SLAWI, radartegal.com – DPRD Kabupaten Tegal sorot insiden gongsol atau kanopi atap Pasar Trayeman yang ambruk. Dewan meminta Pemerintah Kabupaten (Pemkab) Tegal segera melakukan perbaikan.
Ketua Komisi II DPRD Kabupaten Tegal, Muhammad Alfian Adipradana, menegaskan bahwa kerusakan sekecil apapun di bangunan publik tidak boleh dianggap sepele.
“Kalau tidak segera diperbaiki, ini bisa mengancam keselamatan pedagang maupun pengunjung. Jangan sampai kita bergerak setelah ada korban,” tegas Alfian, Senin, 2 Maret 2026.
Politisi muda Partai Golkar itu mengingatkan, usia bangunan pasar yang sudah lebih dari tiga dekade membuat pengawasan dan perawatan harus lebih intensif.
Menurutnya, kerusakan yang dibiarkan berlarut-larut bisa berdampak pada bagian bangunan lain.
“Bangunan yang rusak kalau dibiarkan bisa merembet. Apalagi Pasar Trayeman ini sudah lebih dari 30 tahun berdiri. Perlu perhatian serius agar tidak semakin rapuh,” ujarnya.
Pasar terbesar di Slawi itu setiap hari menjadi pusat aktivitas ekonomi masyarakat. Ribuan pedagang dan pembeli berinteraksi di dalamnya.
Karena itu, Alfian menilai langkah antisipasi jauh lebih penting ketimbang penanganan setelah kejadian.
“Memang yang roboh bukan bangunan utama, tapi tetap saja ini fasilitas umum. Dinas terkait harus mengantisipasi sebelum terjadi sesuatu yang tidak kita inginkan,” imbuhnya.
Sebelumnya dikabarkan, bagian gongsol atau kanopi atap Pasar Trayeman ambruk pada Selasa, 24 Februari 2026 sore. Beruntung, saat kejadian kondisi pasar sudah relatif sepi sehingga tidak ada pedagang maupun pengunjung yang terdampak.

PERBAIKAN - DPRD desak pemkab segera lakukan perbaikan kanopi atap Pasar Trayeman Tegal yang ambruk.-Yeri Noveli/Radar Tegal Grup-
Kepala Dinas Koperasi, UKM dan Perdagangan Kabupaten Tegal, Imam Rudy Kurnianto, memastikan bahwa yang roboh bukan atap utama bangunan.
“Yang roboh hanya bagian gongsol atap, bukan atap bangunan utama. Seperti tritisan saja yang ambruk. Di bawahnya juga tidak ada pedagang yang berjualan, sehingga tidak ada korban,” jelasnya.
Ia menerangkan, lokasi gongsol yang roboh berada di blok belakang dan bukan akses utama aktivitas jual beli. Struktur yang ambruk pun berada di bawah atap utama kios, yang menurutnya masih dalam kondisi relatif aman.
“Di atas gongsol itu masih ada atap utama. Kalau hujan sebenarnya aman, hanya talangnya yang bocor. Itu yang akan kami benahi lebih dulu supaya tidak memperparah kerusakan,” katanya.
Pasar yang dibangun sekitar tahun 1990-an oleh Karsa Bayu itu kini telah berusia lebih dari 30 tahun. Selama kurun waktu tersebut, perbaikan besar pada bagian atap utama disebut belum pernah dilakukan.
“Wajar kalau sudah mulai rapuh. Selama ini perbaikan lebih banyak di drainase, lantai pasar, dan talang. Atap utamanya memang belum tersentuh,” pungkasnya.",pasar trayeman | pemerintah kabupaten | kabupaten tegal | ambruk | dprd | perbaikan
"Tingkatkan Kesadaran Hukum, Satgas TMMD 2026 Hadirkan Penyuluhan Terpadu di Desa Surajaya Pemalang","Selasa 03-03-2026,08:00 WIB",https://radartegal.disway.id/lokal/read/723190/tingkatkan-kesadaran-hukum-satgas-tmmd-2026-hadirkan-penyuluhan-terpadu-di-desa-surajaya-pemalang,"PEMALANG, radartegal.com – Tingkatkan kesdaran hukum masyarakat, Satgas TMMD Sengkuyung Tahap I Tahun 2026 Kodim 0711 Pemalang beri penyuluhan terpadu di Balai Desa Surajaya, Kecamatan Pemalang, Kabupaten Pemalang, Senin, 2 Maret 2026. penyuluhan terpadu merupakan salah satu kegiatan nonfisik TMMD Sengkuyung 2026 di Desa Surajaya Pemalang.
Kegiatan penyuluhan hukum terpadu tersebut diikuti masyarakat Desa Surajaya dan sekitarnya dengan penuh antusias. Sejumlah narasumber dari berbagai instansi dihadirkan sebagai bentuk sinergitas lintas sektoral dalam memberikan edukasi dan pemahaman hukum kepada masyarakat.
Dari Pengadilan Agama Pemalang, Jasuli SH menyampaikan materi tentang persidangan secara elektronik (e-court dan e-litigation). Ia menjelaskan kemudahan akses layanan peradilan berbasis digital yang memungkinkan masyarakat mendaftarkan perkara, melakukan pembayaran biaya perkara hingga mengikuti proses persidangan secara daring.
Sementara itu, Aditya Krisdamara SH MH dari Kejaksaan Negeri Pemalang memaparkan materi tentang perlindungan hukum bagi perempuan serta peran Kejaksaan RI dalam penegakan hukum.
Ia menekankan pentingnya keberanian masyarakat, khususnya perempuan, untuk melaporkan apabila menjadi korban tindak pidana dan memanfaatkan layanan pendampingan hukum yang tersedia.
Dari Pengadilan Negeri Pemalang, Carto SH MH menjelaskan mekanisme gugatan sederhana (small claim court) yang dapat dimanfaatkan masyarakat untuk menyelesaikan perkara perdata dengan proses yang lebih cepat, sederhana, dan biaya ringan.
Selanjutnya, Mukjisat ST dari Badan Pertanahan Nasional Kabupaten Pemalang menyampaikan materi terkait pencegahan sengketa, konflik, dan perkara pertanahan. Ia mengimbau masyarakat untuk memastikan legalitas kepemilikan tanah melalui sertifikasi resmi guna menghindari potensi konflik di kemudian hari.
Dari unsur kepolisian, Brigda Satria SH mewakili Polres Pemalang memberikan materi tentang bijak bermedia sosial dengan literasi digital. Ia mengingatkan masyarakat agar berhati-hati dalam menggunakan media sosial, tidak mudah menyebarkan informasi yang belum jelas kebenarannya, serta menghindari ujaran kebencian dan hoaks yang dapat berimplikasi hukum.
Sementara itu, Kapten Inf Teguh Widodo dari Kodim 0711 Pemalang menyampaikan materi wawasan kebangsaan. Dalam paparannya, ia menekankan pentingnya menjaga persatuan dan kesatuan bangsa, memperkuat nilai-nilai Pancasila, serta meningkatkan rasa cinta tanah air di tengah dinamika perkembangan zaman.
Melalui kegiatan ini, diharapkan masyarakat Desa Surajaya semakin memahami hak dan kewajibannya sebagai warga negara serta mampu menyelesaikan berbagai persoalan hukum secara tepat dan sesuai dengan peraturan perundang-undangan yang berlaku.",desa surajaya | kabupaten pemalang | tmmd | penyuluhan | hukum
Imbas Perang Iran-Israel: 50 Ribu Sarung Tegal Gagal Kirim ke Afrika,"Senin 02-03-2026,20:42 WIB",https://radartegal.disway.id/lokal/read/723196/imbas-perang-iran-israel-50-ribu-sarung-tegal-gagal-kirim-ke-afrika,"SARUNG TEGAL- Konflik Iran-Israel & Laut Merah menghambat ekspor 50 ribu Sarung Tegal ke Afrika. -Yeri Noveli-
TALANG, radartegal.com– Ketegangan geopolitik di Timur Tengah mulai memukul sektor industri kreatif di Kabupaten Tegal. Konflik antara Iran dan Israel serta blokade di jalur Laut Merah menyebabkan ekspor Sarung Tegal ke pasar Afrika dan Timur Tengah tersendat total per Maret 2026.
Sejumlah pengusaha sarung di sentra industri Talang melaporkan pembatalan pengiriman besar-besaran sejak dua hari terakhir. Jamal Alkatiri, pengusaha sarung Tegal mengonfirmasi bahwa jalur logistik internasional saat ini berada dalam posisi suspend.
""Mulai kemarin, pengiriman dari Indonesia ke Afrika terhenti. Kami mendapat kabar bahwa semua jadwal keberangkatan dibatalkan oleh pihak pelayaran,"" ujar Jamal saat ditemui di pabriknya, Desa Pacul, Senin 2 Maret 2026.
Beberapa poin utama hambatan ekspor saat ini meliputi:
Saat ini, para pengusaha hanya mampu memenuhi 30% dari total permintaan global akibat kendala distribusi dan situasi keamanan di Laut Merah yang melibatkan intervensi Amerika Serikat.
Meski pasar ekspor lesu akibat imbas perang, para perajin bernapas lega berkat lonjakan permintaan di pasar domestik. Menjelang Idulfitri 2026, tren penjualan sarung di dalam negeri justru meroket tajam melalui platform marketplace.
""Jika biasanya kami menjual 20 hingga 50 sarung per hari, sekarang menembus 500 sarung per hari. Kenaikannya hampir 300%,"" ungkap Jamal.
Produk unggulan seperti Sarung Toldem (Tenun Alat Tenun Bukan Mesin/ATBM) tetap menjadi primadona. Tekstur khas dan nilai tradisionalnya membuat permintaan lokal naik tiga kali lipat setiap memasuki musim Ramadan dan Lebaran.
Hingga awal Maret 2026, pelaku usaha di Tegal hanya bisa menunggu kepastian stabilitas global.

SARUNG TEGAL- Konflik Iran-Israel & Laut Merah menghambat ekspor 50 ribu Sarung Tegal ke Afrika. -Yeri Noveli-
""Imbas perang ini dirasakan secara global. Kami berharap situasi segera membaik agar pembayaran ekspor yang tertahan bisa segera dilunasi,"" pungkasnya.",iran-israel | sarung tegal | talang | kabupaten tegal | pelaku usaha | ekspor | perang | afrika
"Kunjungi Pemalang, Zulkifli Hasan Sosialisasikan Kebijakan Pangan dan Program MBG","Senin 02-03-2026,16:42 WIB",https://radartegal.disway.id/lokal/read/723186/kunjungi-pemalang-zulkifli-hasan-sosialisasikankebijakan-pangan-dan-program-mbg,"Menko Pangan ke Pemalang sosialisasikan kebijakan pangan nasional dan program MBG
PEMALANG, radartegal.com- Menteri Koordinator Bidang Pangan Indonesia Zulkifli Hasan menyosialisasikan kebijakan pangan nasional sekaligus Program Makan Bergizi Gratis (MBG) kepada para siswa di Kabupaten PEMALANG, Senin 2 Maret 2026.
Dalam kunjungan tersebut, Menko Pangan menjelaskan bahwa kebijakan pangan Indonesia saat ini masih mengandalkan impor untuk sejumlah komoditas yang belum sepenuhnya dapat diproduksi di dalam negeri. Menurutnya, pemerintah masih perlu mengimpor bibit ayam dari luar negeri sebelum dikembangkan di dalam negeri oleh para peternak.
""Kita harus impor dulu dari Amerika atau Belanda, namanya Grand Parent Stock (GPS). Kemudian di Indonesia diternak menjadi Parent Stock, lalu diternak lagi menjadi Day Old Chick (DOC),"" ujarnya.
Ia menjelaskan, DOC tersebut kemudian dibeli oleh peternak untuk dibudidayakan, baik sebagai ayam petelur maupun ayam pedaging. Selain bibit, lanjutnya, Indonesia juga masih mengimpor sejumlah bahan baku pakan ternak seperti gandum, minyak ikan, dan vitamin yang kemudian diolah menjadi pelet untuk kebutuhan ayam.
Pada kesempatan itu, ia juga menanyakan secara langsung pelaksanaan program MBG di masing-masing sekolah guna memastikan manfaatnya benar-benar dirasakan oleh para pelajar.
""Bagaimana MBG di sekolah kalian, enak? Kalau enak pengennya lanjut atau stop?"" Kalau memang enak kita sama-sama sampaikan terima kasih ke Pak Presiden Prabowo Subianto,"" tutupnya.",kebijakan pangan | menko pangan | makan bergizi gratis | mbg | dalam negeri | peternak | zulkifli hasan | pemalang | impor
Update Razia Sabung Ayam Tegal: Satu Korban Tenggelam Sungai Ketiwon Ditemukan Meninggal di Pantai Larangan,"Senin 02-03-2026,16:38 WIB",https://radartegal.disway.id/lokal/read/723189/update-razia-sabung-ayam-tegal-satu-korban-tenggelam-sungai-ketiwon-ditemukan-meninggal-di-pantai-larangan,"JENAZAH - Petugas PMI bersama tim gabungan saat membawa jenazah menuju RS Mitra Siaga, Kramat, Kabupaten Tegal, Senin 2 Maret 2026 siang.-Yeri Noveli-
SLAWI, radartegal.com – Aksi nekat menghindari razia sabung ayam di Kota Tegal berujung duka. Satu dari empat pria yang melompat ke Sungai Ketiwon, Kota Tegal, pada Minggu 1 Maret 2026 sore, ditemukan dalam kondisi meninggal dunia di perairan Pantai Larangan, Kabupaten Tegal.
Korban teridentifikasi sebagai Muhammad Akbar, 32 tahun, warga Jalan Delima, Kelurahan Dampyak, Kecamatan Kramat. Jasad korban ditemukan pada Senin 2 Maret 2026 sekitar pukul 11.00 WIB setelah tersangkut jaring nelayan setempat.
Tim SAR Gabungan segera mengevakuasi jenazah menggunakan armada Satpolairud Polres Tegal menuju RS Mitra Siaga Dampyak. Setelah proses identifikasi oleh tim INAFIS, jenazah langsung dipulangkan ke rumah duka menggunakan ambulans PMI Kabupaten Tegal.
Insiden maut ini bermula pada Minggu sore sekitar pukul 15.00 WIB. Saat itu, aparat Polres Tegal Kota melakukan operasi penertiban aktivitas diduga sabung ayam di Jalan Timor Timur, Kelurahan Panggung Kota Tegal.
Diduga panik melihat kedatangan petugas, empat orang pria memilih kabur dengan cara terjun ke aliran Sungai Ketiwon yang berada tepat di belakang lokasi arena. Naas, arus sungai yang deras dan kondisi air yang keruh akibat hujan membuat mereka terseret arus hingga ke muara.
Ketua PMI Kabupaten Tegal, Iman Sisworo melalui Kepala Markas Sunarto, mengonfirmasi bahwa tim gabungan masih bekerja ekstra di lapangan. Hingga Senin siang, tiga korban lainnya belum ditemukan, yakni:
""Laporan awal masuk ke Posko SDB Tegal Timur pukul 23.45 WIB semalam. Sejak dini hari tadi, personel dari Basarnas Pemalang, BPBD Kota/Kabupaten Tegal, PMI, hingga relawan Galawi Rescue dan Ubaloka telah menyisir sepanjang aliran sungai hingga Pesisir Pulo Kodok,"" jelas Sunarto.
Tim SAR menghadapi tantangan berat berupa jarak pandang yang minim di bawah air lantaran kondisi sungai yang sangat keruh. Selain itu, arus bawah laut di sekitar Pantai Larangan juga terpantau cukup kuat.
Penyisiran darat dan air akan terus dioptimalkan hingga radius beberapa kilometer dari titik awal kejadian. Pihak keluarga korban saat ini masih menunggu di posko pencarian dengan harapan anggota keluarga mereka segera ditemukan.",sungai ketiwon | pantai larangan | sabung ayam | polres tegal kota | polres tegal | kota tegal | kabupaten tegal | razia
"Remaja 18 Tahun Tenggelam di PAI Tegal Ditemukan Meninggal Dunia, Begini Kronologinya","Senin 02-03-2026,13:51 WIB",https://radartegal.disway.id/lokal/read/723184/remaja-18-tahun-tenggelam-di-pai-tegal-ditemukan-meninggal-dunia-begini-kronologinya,"TENGGELAM- Remaja berinisial RA, 18 tahun warga Kelurahan Debong Tengah Kecamatan Tegal Selatan dilaporkan tenggelam di kawasan obyek wisata Pantai Alam Indah (PAI) Tegal, Senin, 2 Maret 2026 siang. -Teguh Mujiarto-
TEGAL, radartegal.com – Insiden memilukan terjadi di kawasan objek wisata Pantai Alam Indah (PAI) Tegal pada Senin, 2 Maret 2026 siang. Seorang remaja berinisial RA, 18 tahun, warga Kelurahan Debong Tengah, Kecamatan Tegal Selatan, dilaporkan tenggelam akibat terseret arus laut yang kuat.
Berdasarkan data yang dihimpun tim redaksi, peristiwa bermula ketika korban memasuki area objek wisata PAI dengan berjalan kaki sekitar pukul 10.30 WIB. Setibanya di bibir pantai, korban diketahui langsung berenang.
Nahas, tak berselang lama, saksi mata di lokasi melihat korban mulai kesulitan melawan arus hingga akhirnya tenggelam.
""Saya lihat tadi ada yang tenggelam. Karenanya, saya langsung buru-buru meminta pertolongan dan memencet tombol emergency yang ada di area pantai,"" ujar Warsini, salah satu saksi mata di lokasi kejadian.
Sinyal darurat dari tombol emergency tersebut segera direspon oleh petugas penjaga pantai yang kemudian berkoordinasi dengan Tim SAR Gabungan. Operasi pencarian dilakukan dengan menyisir titik terakhir korban terlihat.
Setelah melakukan upaya pencarian intensif selama kurang lebih dua jam, Tim SAR berhasil menemukan posisi korban pada pukul 12.25 WIB.
Saat ditemukan, korban langsung dievakuasi dari perairan. Petugas kemudian membawa jenazah RA ke RS Mitra Siaga Tegal guna keperluan autopsi dan pemeriksaan medis lebih lanjut sebelum diserahkan kepada pihak keluarga.
Pihak pengelola wisata menghimbau para pengunjung untuk selalu waspada terhadap kondisi arus laut dan mematuhi rambu-ramu peringatan yang telah disediakan demi keselamatan bersama",tombol emergency | debong tengah | pai tegal | tegal selatan | tenggelam | sar gabungan | remaja | meninggal dunia
"Lari Hindari Penggerebekan Sabung Ayam, 4 Pemuda di Tegal Hanyut di Sungai Ketiwon","Senin 02-03-2026,10:37 WIB",https://radartegal.disway.id/lokal/read/723182/lari-hindari-penggerebekan-sabung-ayam-4-pemuda-di-tegal-hanyut-di-sungai-ketiwon,"HANYUT - Petugas gabung sedang melakukan pencarian 4 pemuda hanyut di Sungai Ketiwon Tegal, Senin, 2 Maret 2026.-Teguh Mujiarto/radartegal.com-
TEGAL, radartegal.com - Empat orang pemuda di Tegal dikabarkan hanyut di Sungai Ketiwon pada Minggu, 1 Maret 2026. Keempatnya diduga hanyut setelah melompat ke sungai saat berupaya menghindari penggerebekan sabung ayam yang dilakukan pihak berwajib.
Berdasarkan hasil assesment PMI Kabupaten Tegal menyebutkan peristiwa bermula dari adanya arena sabung ayam di Jala Timor Timur Kelurahan Panggung Kecamatan Tegal Timur pada Minggu sore sekitar pukul 15.00 WIB. Tak lama berselang, sejumlah petugas melakukan razia di lokasi.
Diduga panik, keempat pemuda itu berupaya menyelamatkan diri dengan menceburkan diri ke dalam sungai. Nahas, diduga karena tidak bisa berenang, keempatnya kemudian hanyut dan saat ini masih dalam proses pencarian.
""Kejadian itu kemudian dilaporkan ke posko SDB Tegal Timur dan diteruskan ke TRC BPBD Kota Tegal,"" kata Ketua PMI Kabupaten Tegal melalui Kepala Markas PMI Kabupaten Tegal Sunarto.
Berdasarkan laporan itu, kata Sunarto, petugas gabungan kemudian melakukan upaya pencarian pada Senin, 2 Maret 2026 pagi. Hingga, saat ini proses pencarian masih terus dilakukan.
Adapun identitas korban yakni, MA dan SM warga Kabupaten Tegal serta UD dan SE warga Kota Tegal.
Relawan PMI Kabupaten Tegal Ahla Dzikri menambahkan, saat ini korban masih dalam pencarian petugas gabungan. Adapun petugas gabungan yang terlibat yakni USS Basarnas Pemalang, BPBD Kota dan Kabupaten Tegal, PMI Kabupaten Tegal, Gallawi Rescue dan UBALOKA Kwarcab Tegal serta masyarakat.",sungai ketiwon | sabung ayam | penggerebekan | hanyut | kota tegal | pemuda
"Braaak! Kanopi Atap Pasar Trayeman Tegal Ambruk, Begini Respon Dinas Koperasi UKM Perdagangan","Senin 02-03-2026,08:00 WIB",https://radartegal.disway.id/lokal/read/723178/braaak-kanopi-atap-pasar-trayeman-tegal-ambruk-begini-respon-dinas-koperasi-ukm-perdagangan,"WAWANCARA - Kepala Dinas Koperasi, UKM dan Perdagangan Kabupaten Tegal, Imam Rudy Kurnianto saat diwawancara Radar Tegal. Dia mengungkapkan akan segera memperbaiki gongsol atau kanopi atap Pasar Trayeman yang ambruk.-Yeri Noveli/Radar Tegal Grup-
SLAWI, radartegal.com - Pedagang dan pengunjung kaget saat mendengar gongsol atau kanopi atap Pasar Trayeman, Kabupaten Tegal, ambruk. Namun mereka bersyukur peristiwa tersebut tidak sampai menimbulkan korban.
Kepala Dinas Koperasi, UKM dan Perdagangan Kabupaten Tegal, Imam Rudy Kurnianto membenarkan bahwa gongsol atap Pasar Trayeman ambruk atau roboh.
Dia menegaskan bahwa yang roboh bukan atap utama bangunan pasar.
“Yang roboh hanya bagian gongsol atap, jadi bukan atap bangunan utama. Seperti tritisan saja yang ambruk. Di bawahnya juga tidak ada pedagang yang berjualan, sehingga tidak ada korban,” kata Rudi, Kamis, 26 Februari 2026.
Menurutnya, lokasi gongsol yang roboh berada di blok belakang dan tidak menjadi akses utama aktivitas jual beli.
Kanopi atap Pasar Trayeman Tegal ambruk pada Selasa sore, 24 Februari 2026. Namun demikian insiden itu baru diidentifikasi secara detail pada Rabu pagi, 25 Februari 2026.
Kebetulan, saat itu Bupati Tegal Ischak Maulana Rohman bersama jajaran Forkopimda tengah memantau stok dan harga sembako di pasar tersebut. Sekalian, bupati mengecek langsung kondisi bangunan yang roboh.
“Perintah Pak Bupati agar area yang roboh segera dibersihkan. Ke depan tentu akan segera diperbaiki,” ujar Rudi.
Lebih lanjut Rudy mengungkapkan, struktur yang roboh berada di bawah atap utama kios. Di atas gongsol itu masih terdapat atap utama yang kondisinya relatif aman.
Hanya saja, talang air mengalami kebocoran sehingga perlu segera diperbaiki agar tidak memperparah kerusakan.

WAWANCARA - Kepala Dinas Koperasi, UKM dan Perdagangan Kabupaten Tegal, Imam Rudy Kurnianto saat diwawancara Radar Tegal. Dia mengungkapkan akan segera memperbaiki gongsol atau kanopi atap Pasar Trayeman yang ambruk.-Yeri Noveli/Radar Tegal Grup-
“Kalau hujan sebenarnya aman, hanya talangnya yang bocor. Itu yang akan kami benahi lebih dulu,” ucapnya.
Pasar Trayeman dibangun sekitar tahun 1990-an oleh Karsa Bayu. Usianya lebih dari 30 tahun. Selama kurun waktu tersebut, perbaikan besar pada bagian atap utama belum pernah dilakukan.
“Wajar jika sudah mulai rapuh. Selama ini perbaikan lebih banyak di drainase, lantai pasar, dan talang. Atap utamanya memang belum tersentuh,” imbuhnya.
Rudi memastikan, Pemkab Tegal akan segera melakukan perbaikan. Ia juga mengimbau pedagang dan pengunjung tetap waspada selama proses pembersihan dan pembenahan berlangsung.
“Kami mohon bersabar. Keselamatan pedagang dan pengunjung tetap menjadi prioritas,” tandasnya.
Sementara itu, meski tidak menimbulkan korban, robohnya kanopi atap Pasar Trayeman Tegal sempat membuat pedagang dan pengunjung waswas atau khawatir.
Tuti (43), salah satu pengunjung, mengaku terkejut saat mendengar informasi tersebut.
“Untungnya pas kejadian sudah sore dan pasar sepi. Tapi tetap saja bikin waswas. Harapannya segera diperbaiki supaya kami belanja juga lebih tenang,” ujarnya.
Hal senada disampaikan Agung (38), pengunjung asal Slawi. Ia berharap pemerintah tak hanya memperbaiki bagian yang roboh, tetapi juga melakukan pengecekan menyeluruh.
“Namanya bangunan sudah tua, ya harus dicek semua. Jangan sampai nunggu roboh dulu baru diperbaiki,” cetusnya.",pasar trayeman | dinas koperasi ukm perdagangan | kanopi | atap | kabupaten tegal | ambruk
"Ramadan ke-11, 40 Anak Yatim di Tegal Selatan Terima Santunan","Minggu 01-03-2026,19:42 WIB",https://radartegal.disway.id/lokal/read/723176/ramadan-ke-11-40-anak-yatim-di-tegal-selatan-terima-santunan,"Santunan bagi anak yatim piatu di Tegal Selatan
TEGAL, radartegal.com - Sebanyak 40 anak yatim piatu dari delapan ranting Nahdlotul Ulama (NU) se-Kecamatan TEGAL Selatan menerima santunan, Minggu, 1 Maret 2026. Santunan diberikan Lazisnu Kota TEGAL melalui program Ramadhan Merangkul anak yatim piatu.
Hadir dalam kesempatan itu, Ketua PCNU Kota Tegal, dr. Muslim Dahlan, Ketua Lazisnu Riswanto, Ketua MWC NU Tegal Selatan Slamet Saefurrohman. Selain itu, juga dihadiri perwakilan Badan Otonom (Banom) NU dan pengurus Ranting NU se-Tegal Selatan.
Ketua MWC NU Tegal Selatan Slamet Saefurrohman dalam sambutannya mengatakan pihaknya menyampaikan terimakasih kepada Lazisnu. Karena telah memberikan santunan kepada anak yatim piatu.
""Kegiatan ini merupakan agenda rutin tahunan yang dilaksanakan oleh Lazisnu. Pembagian dilaksanakan di seluruh MWC dengan waktu bergilir selama Ramadan,"" katanya.
Pada kesempatan itu, Slamet mengajak kepada masyarakat untuk bisa menitipkan zakat infak dan sedekah kepada Lazisnu. Sehingga, harapannya ke depan jumlah penerima santunan itu bisa bertambah.
""Bulan Ramadan ini merupakan momentum untuk berbagi. Sehingga, pada kesempatan kali ini dari Lazisnu memberikan santunan kepada anak yatim dan piatu,"" ujarnya.
Slamet menambahkan melalui kegiatan itu, diharapkan anak yatim dan piatu khususnya di wilayah Tegal Selatan bisa turut menikmati momentum Ramadan. Selain itu, harapannya santunan yang diberikan dapat mengurangi beban ekonomi orang tua.",berita tegal terbaru | tegal selatan | berita tegal hari ini | mwc nu | berita tegal | kota tegal | tegal
Waspada! Aksi Pencurian Meteran Air di Kabupaten Tegal Meningkat Awal 2026,"Minggu 01-03-2026,14:40 WIB",https://radartegal.disway.id/lokal/read/723174/waspada-aksi-pencurian-meteran-air-di-kabupaten-tegal-meningkat-awal-2026,"LAPORAN - Mereka yang menjadi korban pencurian meteran air di Kabupaten Tegal terpaksa harus membeli kembali WM tersebut dengan membawa surat keterangan kehilangan di kantor pusat Perumda Tirta Ayu. -Hermas Purwadi -
SLAWI, radartegal.com– Kasus pencurian meteran air atau Water Meter (WM) milik pelanggan Perumda Air Minum Tirta Ayu Kabupaten Tegal kembali marak terjadi.
Memasuki awal tahun 2026, tercatat sudah ada puluhan aduan kehilangan yang masuk ke pihak manajemen.
Berdasarkan data terbaru hingga awal Maret 2026, tercatat sedikitnya 26 kasus pencurian water meter atau meteran air yang dialami pelanggan. Tren pencurian ini terindikasi kembali meningkat di beberapa wilayah pelayanan Kabupaten Tegal.
Dirut Perumda Air Minum Tirta Ayu Nandang Indradani ST melalui Kabag Hubungan Pelangan Ujang Tatang menyatakan bahwa aksi pencurian meteran air ini sangat merugikan pelanggan.
Selain mengganggu suplai air bersih ke rumah, pelanggan juga terbebani biaya penggantian alat yang hilang tersebut.
Dari jumlah kasus pencurian meteran air, tertinggi terjadi di Kecamatan Slawi dengan jumlah 18 kasus.
""Kemudian disusul Mejasem Barat Kramat sebanyak 3 kasus, Tarub sebanyak 2 kasus dan Lebaksiu sebanyak 1 kasus,"" ujarnya Sabtu 27 Februari 2026.
Upaya melaporkan maraknya pencurian meteran air milik pelanggan ini sudah sempat dilakukan sebanyak 2 kali di Unit I Satreskrim Polres Tegal.
""Kami sempat menanyakan kelanjutkan penanganannya, yang saat ini sedang di-mapping oleh pihak Polres Tegal,"" katanya.
Upaya menekan terjadinya kasus serupa kini tengah dilakukan pihak Perumda Air Minum Tirta Ayu dengan menugaskan bagian teknik untuk patroli di jam-jam rawan.

LAPORAN - Mereka yang menjadi korban pencurian meteran air di Kabupaten Tegal terpaksa harus membeli kembali WM tersebut dengan membawa surat keterangan kehilangan di kantor pusat Perumda Tirta Ayu. -Hermas Purwadi -
""Jam rawan saat ini seperti Maghrib dan waktu tarawih, kita upayakan patroli khususnya ke daerah -daerah yang sering menjadi sasaran pencurian water meter,"" ungkapnya.
Mereka yang menjadi korban terpaksa harus membeli kembali WM tersebut dengan membawa surat keterangan kehilangan di kantor pusat Perumda Tirta Ayu.
Menyikapi fenomena ini, pihak Perumda Tirta Ayu mengeluarkan beberapa imbauan penting bagi masyarakat:
""Kami mengimbau pelanggan untuk waspada. Segera lapor ke call center apabila meter air hilang agar segera mendapat penanganan teknis,"" tegas pihak manajemen Perumda Tirta Ayu.
Hingga saat ini, pihak kepolisian dan keamanan internal terus berupaya memantau titik-titik rawan guna menekan angka kriminalitas spesialis pencurian meteran air di Kabupaten Tegal ini.",tirta ayu | meteran air | slawi | kabupaten tegal | perumda | pencurian
Sinergitas Muslimat NU dan Pemkot Tegal Utamakan Urusan Perempuan,"Minggu 01-03-2026,08:00 WIB",https://radartegal.disway.id/lokal/read/723170/sinergitas-muslimat-nu-dan-pemkot-tegal-utamakan-urusan-perempuan,"SAMBUTAN - Wakil Wali Kota Tegal TAzkiyyatul Muthmainnah saat memberikan sambutan pada acara doa dan buka bersama serta santunan yatim piatu Muslimat NU Kota Tegal.-istimewa-
TEGAL, radartegal.com - Wakil Wali Kota Tegal, Tazkiyyatul Muthaminnah dukung sinergitas Muslimat NU dan Pemkot Tegal diperkuat dan mengutamakan urusan perempuan.
Dukungan ini disampaikan saat orang nomor dua di Kota Tegal itu menghadiri acara doa dan buka bersama serta santunan yatim piatu Pengurus Cabang (PC) Muslimat Kota Tegal, di Jalan Jeruk Kelurahan Kraton Tegal Barat, Sabtu, 28 Februari 2026.
Mba Iin, sapaan akrab Wakil Wali Kota Tegal, mengatakan kerja sama antara Muslimat NU dan Pemkot Tegal sudah sangat baik.
""Maka, saya berpesan kepada Muslimat NU bahwa kinerja yang sudah baik dengan Pemerintah Kota Tegal harus tetap terjaga dan bekerja sama dengan baik, terutama terkait urusan perempuan,"" ujar wanita yang juga Ketua Fatayat NU Jawa Tengah itu.
Wakil Wali Kota juga perpesan kepada Muslimat NU agar tetap semangat menjalankan tugas dan menjaga idiologi Ahlussunnah Wal Jamaah.
""Mudah-mudahan kita terus aktif, harus tetap semangat, tugas utama kita menjaga idiologi Ahlussunnah Wal Jamaah,"" kata Mba Iin,
Sementara itu, Ketua PC Muslimat Kota Tegal, Siti Mudrikah menyampaikan terima kasih atas dukungan  Pemerintah Kota Tegal dalam menjaga dan menjalankan program yang berkaitan dengan perempuan.
Selain  itu, rasa terima kasih juga diutarakan kepada semua pihak yang telah membantu hingga terlaksananya kegiatan tersebut.
""Ini berkat dukungan dan kerjasama dari semua pihak baik dari Ranting, PAC dan Cabang serta pada donatur,"" ujar Siti.",wakil wali kota tegal | tazkiyyatul muthmainnah | sinergitas | muslimat nu | pemkot tegal | kerja sama
Viral! Wali Murid Temukan Belatung dalam Menu MBG di Brebes,"Sabtu 28-02-2026,21:41 WIB",https://radartegal.disway.id/lokal/read/723166/viral-wali-murid-temukan-belatung-dalam-menu-mbg-di-brebes,"Sejumlah wali murid di Desa Cikakak, Kecamatan Banjarharjo mengeluhkan menu Makanan Bergizi Gratis (MBG) pada Jumat 27 Februari 2026 lalu.(Istimewa)
BREBES, radartegal.com - Sejumlah wali murid beberapa desa di Kecamatan Banjarharjo mengeluhkan menu Makanan Bergizi Gratis (MBG) pada Jumat 27 Februari 2026 lalu. Di mana, wali murid menemukan belatung di salah satu menu MBG kemarin.
Salah seorang wali murid yang anaknya menerima menu MBG mengatakan, awal mula itu dirinya mengetahui adanya ulat di menu MBG dari saudaranya yang anaknya satu sekolahan dengan anaknya.
""Awalnya saya tahu itu dari saudara saya yang menyampaikan kalau ada ulat di menu MBG kemarin (pada tahu bakso, Red),"" ujarnya saat dikonfirmasi melalui sambungan telepon genggamnya, Sabtu 28 Februari 2026.
Dia menjelaskan, adanya informasi tersebut dirinya langsung meminta menu MBG Ramadan punya anaknya untuk dibuang. Hal ini agar tidak dimakan oleh anaknya.
""Jadi setelah dapat informasi itu saya langsung membuang tahu bakso yang didapat anak saya. Dan ternyata sudah ada siswa yang memakannya,"" dia menerangkan.
Lebih lanjut, kata dia, temuan ulat dalam menu MBG Ramadan tersebut sudah disampaikan ke pihak sekolah. Dan dirinya berharap, kejadian tersebut tidak terulang kembali dikemudian hari.
""Anak kami disekolahkan untuk mendapatkan pelajaran, kalau mendapat MBG namun ada ulatnya kita khawatirnya kesehatan anak-anak bagaimana. Jadi, saya harap kejadian ini tidak lagi terulang. Dan ini sudah kami sampaikan ke pihak sekolah untuk diteruskan ke SPPG yang mengirimnya,"" pungkasnya.
Hal senada disampaikan wali murid lainnya. Dia mengaku, tempat anaknya sekolah di RA dan SD terdapat menu MBG yang ada hewan kecilnya. Dia berharap kejadian ini tidak ada lagi dikemudian hari karena membahayakan kesehatan siswa jika dikonsumsi.
""Tempat anak saya sekolah di menu MBG tepatnya di tahu baksonya berpenghuni (ada hewannya). Ini kelalainya luar biasa sudah ditegur malah makin parah,"" jelasnya.
Terpisah, Diki Baharudin Maruf Kepala SPPG yang membagikan menu MBG tersebut membenarkan terkait hal itu. Pihaknya mengetahui hal itu setelah ada dewan guru yang mendapatkan informasi ada belatung di tahu bakso yang menjadi menu MBG pada Jumat lalu.

Sejumlah wali murid di Desa Cikakak, Kecamatan Banjarharjo mengeluhkan menu Makanan Bergizi Gratis (MBG) pada Jumat 27 Februari 2026 lalu.(Istimewa)
""Sebenarnya setelah mendapat informasi itu kami berusaha agar bakso tahu itu jangan didistribusikan. Namun, ternyata sudah ada yang didistribusikan dan ramai di media sosial,"" terangnya.
Dengan kejadian tersebut, pihaknya akan lebih selektif lagi dalam memilih suplayer dalam mengisi menu MBG. Apalagi, kata dia, atas kejadian ini pihaknya juga merasa dirugikan. Dan setelah kejadian itu pihaknya akan melakukan evalusi.
""Sudah. Sudah kita evaluasi semua terkait menu MBG ini. Dan tentunya kita akan berupaya lebih selektif dalam memilih suplayer dalam pemenuhan menu MBG di wilayah kami,"" pungkasnya.
Sekedar informasi, adanya kabar ada belatung di menu MBG yakni bakso tahu beredar di media sosial (Medsos). Dalam video itu diketahui ada belatung di tahu bakso yang menjadi menu MBG kemarin di wilayah Desa Cikakak.",menu mbg brebes | brebes hari ini
"Valet and Ride di Brebes Segera Digelar, Persiapan Mulai Dimatangkan","Sabtu 28-02-2026,20:44 WIB",https://radartegal.disway.id/lokal/read/723165/valet-and-ride-di-brebes-segera-digelar-persiapan-mulai-dimatangkan,"Program Valet and Ride dari Kepolisian Daerah Jawa Tengah (Polda Jateng) bakal kembali digelar di Brebes jelang arus mudik 2026.(Istimewa)
BREBES, radartegal.com – Program Valet and Ride dari Kepolisian Daerah Jawa Tengah (Polda Jateng) bakal kembali digelar di Brebes jelang arus mudik 2026. Sejumlah persiapan terus dimatangkan.
Dalam sambutan di rapat koordinasi terkait program tersebut, Kapolres Brebes AKBP Lilik Ardhiansyah menyatakan kesiapannya menjadi tuan rumah titik pusat (check point) program ini. Apalagi, kata dia, program tersebut merupakan salah satu unggulan dari Polda Jateng yang diharapkan dapat memberikan kenyamanan bagi pemudik sekaligus meningkatkan citra Polri.
""Kami mohon dukungan dari seluruh jajaran di Eks-Wilayah Pekalongan untuk bersama-sama mensukseskan program ini agar pelaksanaannya lebih maksimal dibanding tahun sebelumnya,"" ujarnya.
Kasat Lantas Polres Brebes dalam paparannya menjelaskan bahwa program ini direncanakan berlangsung pada 13 hingga 19 Maret 2026. Rencananya, lokasi akan tetap dipusatkan di Nasmoco Brebes karena fasilitasnya yang sangat memadai, termasuk ketersediaan helly pad dan area parkir yang luas.
Tahun ini, Polri menargetkan kuota sebanyak 1.447 pemudik dan 1.078 sepeda motor. Skema keberangkatan dibagi menjadi tiga gelombang setiap harinya, yakni pukul 10.00 WIB, 13.00 WIB, dan 16.00 WIB, dengan mengerahkan armada bus dan truk towing (pengangkut motor) dari masing-masing Polres jajaran.
Karo Ops Polda Jateng Kombes Pol Basya Radyananda memberikan arahan tegas agar kekurangan pada tahun lalu, terutama dalam hal penjaringan pemudik di titik-titik krusial seperti Simpang Jalingkut Wanasari, segera diperbaiki.
""Sosialisasi harus digencarkan, baik melalui pemasangan spanduk di jalur mudik maupun media sosial. Kita ingin tahun ini lebih optimal. Program ini adalah 'daya ungkit' kita untuk meraih kepercayaan publik,"" tegasnya.",arus mudik 2026 | brebes hari ini
"Non Tahapan Masa Turun Mesin, Bawaslu Hadirkan 13 Agenda di Bulan Ramadan","Sabtu 28-02-2026,18:30 WIB",https://radartegal.disway.id/lokal/read/723163/non-tahapan-masa-turun-mesin-bawaslu-hadirkan-13-agenda-di-bulan-ramadan,"Kick off program Ngabuburit Pengawasan Bawaslu Kota Tegal
TEGAL, radartegal.com - Meski dalam masa non tahapan, namun Badan Pengawas Pemilihan Umum (Bawaslu) Kota TEGAL masih melakukan kerja pengawasan. Itu, diwujudkan melalui 13 agenda yang digelar selama Ramadan.
Kegiatan-kegiatan itu dikemas dalam agenda Ngabuburit Pengawasan. Kick Off dilaksanakan pada Rabu, 25 Februari 2026 lalu.
Ketua Bawaslu Kota Tegal Fauzan Hamid dalam sambutannya mengatakan periode non tahapan merupakan momentum “turun mesin”. Itu, dimaknai sebagai waktu untuk melakukan penguatan .kapasitas, evaluasi, serta persiapan internal sebelum tahapan resmi dimulai.
""Semangat 'turun mesin' tersebut selaras dengan pelaksanaan program Ngabuburit Pengawasan,"" katanya.
Menurut Fauzan, hadirnya ngabuburit pengawasan itu didasarkan Surat Edaran Bawaslu Republik Indonesia Nomor 4/2026. Perihal Pelaksanaan Kegiatan Ngabuburit Pengawasan dalam Rangka Penguatan Spirit Kelembagaan Bawaslu.
Koordinator Divisi Hukum, Pencegahan, Partisipasi dan Hubungan Masyarakat Nur Aliah Saparida mengatakan melalui 13 rangkaian kegiatan selama bulan Ramadan, pihaknya tidak hanya menguatkan kapasitas internal. Tetapi juga memperluas edukasi pengawasan kepada masyarakat.
""Selain itu, juga dalam rangka pendekatan pengawasan yang lebih inklusif dengan Masyarakat,"" ujarnya.
Aliah merinci agenda yang dilaksanakan antara lain, Kick Off Ngabuburit Pengawasan, podcast dengan tema peran pers dalam pengawasan, Kultum Tata Kelola Kelembagaan Pengawas, pencegahan di non tahapan. Selanjutnya, Kultum SDM pengawas Pemilu, penanganan pelanggaran, pengawasan Partisipatif, Regulasi Pemilu dan Pemilihan.
""Selain itu, ada juga Kultum Penyelesaian Sengketa dan Kesekretariatan, Kultum Integritas dan Etika Penyelenggara Pemilu, Khataman Ngabuburit Pengawasan,"" terangnya.
Adapun narasumber yang dihadirkan antara lain, Kepala Bakesbangpol, jurnalis, Komisioner Bawaslu dan Korsek.",berita tegal terbaru | berita tegal hari ini | berita tegal | kota | bawaslu | tegal
Wartawan dan Polsek Bodeh Bagi Takjil Gratis untuk Warga Pemalang,"Sabtu 28-02-2026,09:49 WIB",https://radartegal.disway.id/lokal/read/723161/wartawan-dan-polsek-bodeh-bagi-takjil-gratis-untuk-warga-pemalang,"AWPB bersama Polsek Bodeh gelar aksi sosial bagi takjil
PEMALANG, radartegal.com - Wartawan yang tergabung dalam Aliansi Wartawan Pantura Bersatu (AWPB) bersama Polsek Bodeh bagi ratusan takjil gratis untuk warga Kabupaten Pemalang. Pembagian berlangsung menjelang buka puasa, Jumat, 27 Februari 2026, di depan Mapolsek Bodeh.
Aksi bagi takjil gratis wartawan dan Polsek Bodeh Pemalang itu sempat menyita perhatian pengguna jalan. Mereka, pengendara yang melintas di depan Mapolsek Bodeh rela mengantre untuk mendapat jajanan untuk buka puasa yang dibagikan tersebut.
Ketua AWPB Alwi Assagaf melalui Sekretaris Slamet Sumari mengatakan, aksi berbagi ini merupakan bagian dari program rutin AWPB bertajuk 'Jumat Kliwon Berbagi' yang selama ini konsisten dilaksanakan.
Menurutnya, kegiatan sosial telah menjadi tradisi di internal organisasi. Khusus pada bulan Ramadan, aksi sosial digelar pada sore hari untuk membantu warga yang masih dalam perjalanan saat waktu berbuka tiba.
""Program ini rutin kami jalankan setiap Jumat Kliwon. Biasanya dilaksanakan siang hari, tetapi karena bertepatan dengan Ramadan, kami sesuaikan menjadi sore menjelang magrib,"" kata Slamet.
Ia menegaskan, kegiatan berbagi ini bukan semata soal nilai bantuan yang diberikan, melainkan wujud kepedulian dan kebersamaan terhadap sesama.
""Kami berharap apa yang dibagikan dapat membantu masyarakat. Mungkin nilainya tidak seberapa, tetapi ini bentuk ketulusan kami untuk berbagi,"" tambahnya.
AWPB menggandeng Polsek Bodeh sebagai bentuk kolaborasi antara insan pers dan aparat kepolisian. Sinergi tersebut diharapkan semakin memperkuat hubungan baik yang selama ini terjalin.
Sementara itu, Kapolsek Bodeh Iptu Santosa mengapresiasi inisiatif AWPB yang melibatkan kepolisian dalam kegiatan sosial tersebut.
Menurut dia, Ramadan menjadi momentum yang tepat untuk meningkatkan kepedulian sekaligus mempererat hubungan antara kepolisian, media, dan masyarakat.

AWPB bersama Polsek Bodeh gelar aksi sosial bagi takjil
""Kami menyambut baik kolaborasi ini. Kegiatan berbagi seperti ini sangat positif karena selain membantu warga, juga mempererat silaturahmi antara polisi, wartawan, dan masyarakat. Semoga sinergi ini terus terjaga,"" kata Iptu Santosa.
Ia menambahkan, kehadiran polisi di tengah masyarakat tidak hanya dalam konteks penegakan hukum, tetapi juga melalui kegiatan sosial yang memberikan manfaat langsung. AWPB bersama Polsek Bodeh berharap semangat berbagi di bulan suci Ramadan terus tumbuh di tengah masyarakat Kabupaten Pemalang.",polsek bodeh | takjil gratis | kabupaten pemalang | ramadan | wartawan
"Survei Kesiapan Jalur Mudik Lebaran 2026, Polres Tegal Temukan Ini","Sabtu 28-02-2026,08:00 WIB",https://radartegal.disway.id/lokal/read/723160/survei-kesiapan-jalur-mudik-lebaran-2026-polres-tegal-temukan-ini,"JELASKAN - Kasat Lantas Polres Tegal beri keterangan survei jalur mudik pada awak media.-Hermas Purwadi/Radar Tegal Grup-
SLAWI, radartegal.com - Arus mudik dan balik Hari Raya Idul Fitri 2026 hampir tiba. Karena itu Satlantas Polres Tegal melakukan survei jalur mudik di wilayah Kabupaten Tegal, guna memastikan kesiapannya.
Dalam survei kesiapan jalur mudik Lebaran 2026 di wilayah Kabupaten Tegal, Satlantas mendapati temuan yang cukup krusial. Khususnya berkaitan dengan penerangan jalan.
Survei jalur mudik jelang Lebarang 2026, menurut Kapolres  Tegal, AKBP Bayu Prasatyo, melalui Kasat Lantas AKP Bhartatungga Dharuning Pawuri, menjadi tahapan awal dalam rangka mendukung pelaksanaan Operasi Ketupat Candi 2026.
Wuri mengatakan, pelaksanaan Operasi Ketupat Candi 2026 mendatang, akan melibatkan sejumlah unsur terkait.
""Dalam pelaksanaannya nanti, operasi ini akan melibatkan sinergi lintas sektoral, di antaranya Dinas Perhubungan, Satuan Polisi Pamong Praja (Satpol PP), serta pihak-pihak lain yang berperan dalam pengaturan dan pengawasan arus lalu lintas,"" katanya Jumat,  27 Februari 2026
Lebih lanjut Wuri menyatakan bahwa survei jalur mudik ini bertujuan untuk memastikan kesiapan infrastruktur serta memetakan potensi kerawanan lalu lintas yang kerap muncul saat musim mudik lebaran.
Saat ini, pihaknya juga terus mematangkan skema rekayasa arus lalu lintas yang akan diterapkan pada arus mudik dan balik lebaran mendatang.
""Berbagai skema rekayasa arus lalu lintas saat ini terus dibahas dan dimatangkan. Hal itu dilakukan agar pengamanan arus mudik maupun arus balik supaya dapat berjalan optimal.""
""Dengan adanya rekayasa lalu lintas yang tepat, diharapkan para pengguna jalan yang melintas di wilayah Kabupaten Tegal dapat merasakan perjalanan yang lebih aman, tertib, dan nyaman,"" cetusnya.
Selain fokus pada pengaturan arus kendaraan, Satlantas Polres Tegal juga menaruh perhatian terhadap kondisi sarana pendukung keselamatan jalan. Salah satu aspek yang menjadi sorotan adalah penerangan lampu jalan, baik yang menjadi kewenangan pemerintah kabupaten, pemerintah provinsi, maupun pemerintah pusat.

JELASKAN - Kasat Lantas Polres Tegal beri keterangan survei jalur mudik pada awak media.-Hermas Purwadi/Radar Tegal Grup-
""Kami telah melakukan pendataan terhadap sejumlah titik lampu penerangan jalan yang mengalami kerusakan atau tidak berfungsi secara optimal. Langkah ini dinilai penting guna meminimalisir potensi kecelakaan lalu lintas, terutama pada malam hari saat volume kendaraan meningkat signifikan menjelang Lebaran,"" ungkapnya.
Tak hanya mendata, Satlantas Polres Tegal juga telah mengirimkan surat resmi kepada instansi terkait agar segera melakukan perbaikan sebelum puncak arus mudik tiba. Perbaikan dan penggantian lampu jalan yang rusak diharapkan dapat segera direalisasikan demi mendukung kelancaran dan keselamatan para pemudik.
Dengan berbagai persiapan tersebut, aparat kepolisian berharap pelaksanaan Operasi Ketupat Candi 2026 di wilayah Kabupaten Tegal dapat berjalan lancar. Koordinasi lintas instansi serta kesiapan infrastruktur menjadi kunci utama dalam menciptakan situasi lalu lintas yang kondusif selama momentum Lebaran mendatang.",operasi ketupat candi | lampu pju | polres tegal | kabupaten tegal | jalur mudik | survei
Daftar 13 Ruas Jalan di Petarukan Pemalang yang Diperbaiki Tahun 2026,"Sabtu 28-02-2026,07:00 WIB",https://radartegal.disway.id/lokal/read/723159/daftar-13-ruas-jalan-di-petarukan-pemalang-yang-diperbaiki-tahun-2026,"Ruas jalan Petarukan-Gondang salah satu ruas jalan yang diperbaiki tahun 2026
PEMALANG, radartegal.com - Pemerintah Kabupaten Pemalang melalui Dinas Pekerjaan Umum dan Tata Ruang (DPUTR) menyiapkan anggaran lebih dari Rp30 miliar untuk perbaikan 13 titik ruas jalan di wilayah Kecamatan Petarukan pada tahun 2026.
Kepala DPUTR Kabupaten Pemalang, Joko Tri Asmoro, melalui Kepala Bidang Bina Marga, Yuniar Santoso, mengatakan saat ini pekerjaan telah mulai dilaksanakan dengan skala prioritas, terutama pada ruas jalan yang dinilai mendesak.
""Untuk pekerjaan beton masih kita pertimbangkan waktunya, karena menjelang Lebaran akan ada cuti bersama sekitar 14 hari. Kami khawatir pelaksanaannya nanti menjadi tidak efektif,"" ujar Yuniar, Jumat 27 Februari 2026.
Ia menjelaskan, pekerjaan yang diprioritaskan saat ini adalah yang menggunakan aspal. Sejumlah ruas bahkan sudah memasuki tahap pengukuran dan persiapan lapangan.
""Bulan April sesuai rencana bupati sudah berproses semuanya. Untuk di wilayah Petarukan sudah mulai pengukuran, namun sementara kita dahulukan pekerjaan Lapis Pondasi Agregat (LPA),"" jelasnya.
Menurutnya, menjelang lebaran pelaksanaan pekerjaan juga menghadapi potensi kendala berupa pembatasan operasional alat berat yang biasanya diberlakukan mulai H-10 Lebaran. Kata dia, hal tersebut dapat memengaruhi percepatan pekerjaan di lapangan.
""Kendala kita biasanya ada pembatasan alat berat menjelang Lebaran. Tetapi minimal saat Lebaran nanti kondisi jalan sudah rapi. Opsi yang kita upayakan, paling tidak LPA dulu, digilas agar rata, setelah Lebaran baru dilakukan pengaspalan,"" terangnya.
Yuniar menambahkan, karena sumber anggaran ada yang bersumber dari Dana Alokasi Khusus (DAK), maka pelaksanaan pekerjaan harus mengikuti spesifikasi teknis yang telah ditetapkan pemerintah pusat. Salah satunya adalah kewajiban penataan drainase dan talud sebelum pekerjaan badan jalan dilakukan.
""Jadi yang anggaran dari DAK, harus dimulai dari penataan drainase dan talud terlebih dahulu sesuai spesifikasi, baru kemudian pengaspalan,"" tegasnya.
Adapun 13 ruas jalan yang akan diperbaiki meliputi Iser–Kendalsari, Petarukan–Gondang, Widodaren–Karangasem, Kendalsari–Jebed, Tegalmelati–Loning, Pesantren–Sidomulyo, Temuireng–Kendaldoyong, Pedurungan–Serang, Cibiuk–Ampelgading, Asemdoyong–Loning, Kandang–Pesantren, Klareyan–Pesantren, serta Tegalsari–Sokawati.",skala prioritas | petarukan | kabupaten pemalang | perbaikan jalan | dputr
"Gelar Unjuk Rasa, Mahasiswa di Tegal Bawa Sembilan Tuntutan","Jumat 27-02-2026,20:30 WIB",https://radartegal.disway.id/lokal/read/723157/gelar-unjuk-rasa-mahasiswa-di-tegal-bawa-sembilan-tuntutan,"AKSI - Mahasiswa dari sejumlah universitas di Tegal menggelar aksi unjuk rasa di depan gedung DPRD
TEGAL, radartegal.com - Ratusan mahasiswa dari sejumlah universitas di Kota dan Kabupaten TEGAL menggelar aksi unjuk rasa di depan gedung DPRD setempat, Jumat, 27 Februari 2026 sore. Dalam aksinya, mereka membawa setidaknya sembilan tuntutan terkait pelaksanaan program yang digagas pemerintahan Prabowo-Gibran.
Adapun sembilan tuntutan itu antara lain, kembalikan realisasi anggaran pendidikan 20 persen APBN ke fungsi sebenarnya, evaluasi total program MBG, reformasi Polri secara Nyata. Selanjutnya, bebaskan tahanan politik, optimalisasi perlindungan data pribadi, tingkatkan kesejahteraan nakes dan guru honorer, penyelesaian isu penonaktifan BPJS.
Berikutnya, rekrutmen Polri minimal S1 untuk Perwira, Bintara dan Tamtama. Serta, menuntut sistem verifikasi ijasah yang terintegrasi dengan pangkalan.
Ketua BEM Universitas Pancasakti Tegal M. Al Talarik mengungkapkan ada beberapa tuntutan yang disampaikan dalam aksi kali ini. Antara lain, pertama mengarahkan ke pendidikan.
""Di mana pendidikan saat ini sangat terganggu. Apalagi dengan kehadiran program MBG yang tidak memberikan pengaruh secara signifikan pendidikan,"" katanya.
Selanjutnya, kata Al, reformasi Polri secara nyata. Karena Polri, selalu menyatakan evaluasi, tetapi ternyata oknum-oknum di dalamnya cukup banyak.
""Apalagi peredaran narkoba yang saya yakin Polri dan BNN tahu. Tegapi belum ada tindakan tegas,"" ujarnya.
Selanjutnya, terkait peningkatan kesejahteraan guru honorer yang sudah puluhan tahun. Sementara, ada wacana karyawan MBG yang akan dinaikkan jadi PPPK, padahal baru setahun bekerja.
""Kemudian terkait penanganan wilayah Kota terkait bencana. Kota ini kan di hilir, kita lihat banjir Kota sudah mulai lagi, semenara persiapan belum matang,"" jelasnya.
Sementara itu, dalam kegiatan aksi yang diisi dengan diskusi itu juga dihadiri Ketua DPRD Kota Tegal Kusnendro, Sekretaris Daerah Agus Dwi Sulistyantono, Kapolres Tegal Kota AKBP Heru Antariksa Cahya. Kegiatan diakhiri dengan penandatanganan dan penyerahan surat pernyataan tuntutan dari mahasiswa kepada Sekda Kota Tegal.",berita tegal terbaru | berita tegal hari ini | berita tegal | kota | mahasiswa | tegal
"Viral Menu MBG Ramadan di Brebes Berjamur, SPPG Gandasuli Minta Maaf","Jumat 27-02-2026,19:30 WIB",https://radartegal.disway.id/lokal/read/723155/viral-menu-mbg-ramadan-di-brebes-berjamur-sppg-gandasuli-minta-maaf,"BERJAMUR- Geger temuan roti & bolen berjamur pada menu Makan Bergizi Gratis (MBG) Ramadan di Brebes.
BREBES, radartegal.com – Program Makan Bergizi Gratis (MBG) di Kabupaten BREBES menjadi sorotan setelah ditemukannya roti dan bolen berjamur dalam paket menu Ramadan pada Kamis, 26 Februari 2026. Kejadian ini memicu kekhawatiran orang tua siswa di wilayah Kecamatan BREBES.
Berdasarkan informasi yang dikumpulkan Radar Tegal Group, temuan makanan tak layak konsumsi ini tersebar di beberapa jenjang pendidikan, mulai dari Taman Kanak-kanak (TK) hingga Sekolah Dasar (SD). Foto-foto kondisi bolen yang dipenuhi spora jamur pun viral di berbagai WhatsApp Group (WAG) wali murid.
Seorang wali murid di SD Negeri Kelurahan Limbangan Wetan memberikan kesaksiannya:
""Beruntung saya cek dulu sebelum dimakan anak. Ternyata benar, bolen dan roti selainya sudah jamuran. Di grup kelas juga sudah ramai peringatan dari orang tua lain,"" ungkapnya.
Kepala SD Negeri 1 Limbangan Wetan Roimah, mengonfirmasi adanya laporan tersebut. Meski sedang bertugas di luar sekolah saat kejadian, ia telah menerima informasi mengenai dua laporan resmi terkait kualitas makanan yang buruk.
Menanggapi hal ini, pihak Dapur SPPG Gandasuli selaku penyedia layanan MBG memberikan pernyataan resmi:
Mengingat program MBG Ramadan masih berjalan, para wali murid diimbau untuk selalu:",bolen | menu mbg | makan bergizi gratis | gandasuli | berjamur | brebes | ramadan
"Diduga Sopir Kurang Konsentrasi, Truk Tabrak Kendaraan yang Parkir di Bulakamba Brebes","Jumat 27-02-2026,16:17 WIB",https://radartegal.disway.id/lokal/read/723151/diduga-sopir-kurang-konsentrasi-truk-tabrak-kendaraan-yang-parkir-di-bulakamba-brebes,"Sebuah kecelakaan terjadi di jalur pantura di wilayah Kecamatan Bulakamba, Jumat 27 Februari 2026. Kecelakaan tersebut melibatkan dua kendaraan.(Istimewa)
BREBES, radartegal.com - Sebuah kecelakaan terjadi di jalur pantura di wilayah Kecamatan Bulakamba, Kabupaten BREBES, Jumat 27 Februari 2026. kecelakaan tersebut melibatkan dua kendaraan.
Kanit Penegakan Hukum (Gakkum) Satlantas Polres Brebes Iptu Syaeful Hidayat membenarkan insiden kecelakaan yang melibatkan dua mobil truk tersebut.
Syaeful menjelaskan, kronologi kejadian berawal saat kendaraan bernopol L-8680-UU melaju dari arah timur ke barat di lajur kiri. Sesampainya di TKP diduga pengemudi kurang konsentrasi, sehingga pengemudi tidak bisa menguasai laju kendaraan.
""Akibatnya, truk truk tersbeut menabrak bagian belakang lainnya yang sedang parkir di bahu jalan sebelah selatan,"" ujarnya.
Akibat dorongan tersebut, mobil yang tertabrak itu terdorong ke depan dan menabrak teras rumah.
Dalam insiden tersebut terdapat korban yang mengalami luka di bagian kaki kanan lecet dan dada sesak.
""Dan saat ini korban sudah dirawat di RSUD Brebes,"" pungkasnya.",bulakamba | rsud brebes | polres brebes | brebes | satlantas | lalu lintas | kecelakaan
Jelang Libur Lebaran 2026: PAI Tegal Perketat Penjagaan Lifeguard dan Standar APAR di Area Wisata,"Jumat 27-02-2026,15:53 WIB",https://radartegal.disway.id/lokal/read/723152/jelang-libur-lebaran-2026-pai-tegal-perketat-penjagaan-lifeguard-dan-standar-apar-di-area-wisata,"PAI TEGAL- Pada Kamis, 26 Februari 2026, tim Direktorat Pengamanan Objek Vital (Dit Pamobvit) Polda Jawa Tengah melakukan risk assessment mendalam untuk mengukur tingkat risiko keamanan di kawasan PAI Tegal.-Meiwan Dani R-
TEGAL, radartegal.com – Menjelang lonjakan pengunjung pada libur Lebaran 2026, Pantai Alam Indah (PAI) Tegal terus bersolek, bukan hanya dari sisi estetika, melainkan juga standar keamanan. Fokus utama kali ini adalah memastikan keselamatan wisatawan melalui penguatan tim lifeguard (penjaga pantai) dan kesiapsiagaan pemadam kebakaran (APAR).
Pada Kamis 26 Februari 2026, tim Direktorat Pengamanan Objek Vital (Dit Pamobvit) Polda Jawa Tengah melakukan risk assessment mendalam untuk mengukur tingkat risiko keamanan di kawasan PAI.
Kabid Pariwisata Dinporapar Kota Tegal Dian Eka Kusumawardhani, menegaskan bahwa kenyamanan pengunjung adalah prioritas mutlak. Penilaian risiko dilakukan berdasarkan 6 elemen dengan total 130 indikator ketat.
""Kami menyiapkan langkah komprehensif. Saat ini kami diperkuat oleh 8 personel keamanan bersertifikat Gada Pratama, tim terpadu TNI-Polri, hingga kesiagaan medis dari PSC 119,"" jelas Dian. Selain itu, rambu peringatan di sepanjang garis pantai juga diperbarui agar pengunjung lebih waspada saat beraktivitas di area air.
Sesuai standar terbaru dari Polri, aspek penyelamatan jiwa menjadi poin krusial yang harus ditingkatkan. Kasubdit Wisata Dit Pamobvit Polda Jateng, AKBP Andriaso, memberikan catatan khusus mengenai pengawasan area perairan dan pencegahan kebakaran di zona kuliner.
Beberapa rekomendasi utama hasil risk assessment meliputi:
""Kami merekomendasikan Dinas Pariwisata untuk segera memantapkan manajemen pengamanan. Lifeguard harus siaga dan penataan warung wajib dilengkapi APAR sebagai standar keselamatan terbaru,"" tegas AKBP Andriaso.
Pemerintah Kota Tegal berkomitmen untuk segera menindaklanjuti hasil evaluasi ini sebelum arus mudik dimulai. Dengan sistem manajemen pengamanan yang lebih solid, PAI Tegal diharapkan menjadi destinasi pilihan yang tidak hanya indah secara visual, tetapi juga memberikan rasa aman bagi seluruh keluarga.

PAI TEGAL- Pada Kamis, 26 Februari 2026, tim Direktorat Pengamanan Objek Vital (Dit Pamobvit) Polda Jawa Tengah melakukan risk assessment mendalam untuk mengukur tingkat risiko keamanan di kawasan PAI Tegal.-Meiwan Dani R-
""Kami ingin pengunjung merasa secure dan nyaman. Semua rekomendasi, terutama soal penambahan lifeguard dan ketersediaan APAR, akan segera kami penuhi,"" tutup Dian.",keamanan objek wisata | standar apar | lifeguard pantai | libur lebaran 2026 | pai tegal | wisata tegal | pantai alam indah
"Gagal Panen, Petani Desak Hotel di Pemalang Tepati Komitmen Penyelesaian","Jumat 27-02-2026,11:00 WIB",https://radartegal.disway.id/lokal/read/723145/gagal-panen-petani-desak-hotel-di-pemalang-tepati-komitmen-penyelesaian,"Warga petarukan desak kepastian penyelesaian kasus gagal panen dengan regina
PEMALANG, radartegal.com - Petani Kecamatan Petarukan, Kabupaten Pemalang, kini masih menantikan realisasi tanggung jawab dari pihak hotel setelah lahan yang mereka manfaatkan terdampak genangan air dan menyebabkan gagal panen.
Salah satu petani asal Desa Serang Kecamatan Petarukan Mian mengatakan, hingga Jumat, 27 Februari 2026 belum ada tindak lanjut dari pihak hotel. Ia mengatakan bahwa pihaknya bersama rekan lainnya tidak hanya membutuhkan pembersihan saluran air saja, tetapi juga kepastian penyelesaian secara kekeluargaan yang pernah dijanjikan dari pihak hotel.
""Katanya waktu itu mau bertanggung jawab dan akan menyelesaikan masalah ini secara kekeluargaan, tapi sampai sekarang belum ada kabar lagi,"" katanya.
Ia mengungkapkan, genangan terjadi akibat saluran air tersumbat limbah yang diduga berasal dari aktivitas hotel. Dampaknya, sekitar 500 pohon singkong yang sebelumnya siap panen membusuk karena terendam air terlalu lama, dan tidak dapat dipanen.
Padahal, lanjut dia, pohon singkong tersebut sebelumnya tumbuh normal dan diperkirakan kalau panen bisa menghasilkan sekitar 40 kuintal.
""Kalau saya jual Rp5.000 per kilogram. Perkirakan hasil dari 500 pohon ini bisa mencapai Rp2 jutaan,"" ucapnya.
Mian menambahkan, warga berharap persoalan ini tidak berhenti pada permintaan maaf semata. Ia menginginkan ada kepastian terkait penyelesaian secara kekeluargaan yang sempat dijanjikan.
Sebelumnya, pihak hotel telah menyampaikan permohonan maaf atas kelalaian yang terjadi serta akan mengundang warga untuk mencari solusi bersama dalam persoalan ini.
Hal tersebut disampaikan oleh General Manajer Hotel Regina saat bertemu dengan salah satu perwakilan warga pada Jumat 13 Februari 2026 lalu.
Namun hingga kini, sejumlah warga yang memanfaatkan lahan di samping hotel belum mendapatkan kepastian, mereka masih menunggu realisasi dari komitmen yang sempat dijanjikan dari hotel.",petarukan | kabupaten pemalang | gagal panen | hotel | limbah | petani
Pemkab Pemalang Terbitkan Surat Pencegahan Korupsi dan Larangan Gratifikasi Jelang Hari Raya 2026,"Jumat 27-02-2026,07:00 WIB",https://radartegal.disway.id/lokal/read/723143/pemkab-pemalang-terbitkan-surat-pencegahan-korupsi-dan-larangan-gratifikasi-jelang-hari-raya-2026,"Pemkab Pemalang Terbitkan Surat Pencegahan Korupsi dan Larangan Gratifikasi Jelang Hari Raya 2026
PEMALANG, radartegal.com - Pemerintah Kabupaten (Pemkab) Pemalang menerbitkan surat pencegahan korupsi dan pengendalian gratifikasi terkait perayaan hari raya keagamaan di lingkungan pemerintahan setempat. Surat bernomor B/700/134/INSPEKTORAT DAERAH/2026 itu dikeluarkan pada 26 Februari 2026 dan bersifat segera/penting.
Berdasarkan surat yang diterima Radar Tegal itu, menjelaskan bahwa kebijakan tersebut merujuk pada Peraturan Bupati Pemalang Nomor 13 Tahun 2021 tentang Pedoman Pengendalian Gratifikasi serta Surat Edaran Komisi Pemberantasan Korupsi (KPK) Nomor 2 Tahun 2026 tentang Pencegahan Korupsi dan Pengendalian Gratifikasi Terkait Hari Raya.
Dalam surat, Pemkab Pemalang menegaskan bahwa seluruh aparatur sipil negara dan penyelenggara negara wajib menjadi teladan dengan tidak memberi atau menerima gratifikasi yang berhubungan dengan jabatan dan bertentangan dengan tugasnya, termasuk dalam momentum hari raya.
Permintaan dana, hadiah seperti Tunjangan Hari Raya (THR) atau sebutan lain, baik secara individu maupun mengatasnamakan institusi kepada masyarakat maupun perusahaan, dilarang dan dapat berimplikasi pada tindak pidana korupsi.
Apabila terdapat penerimaan gratifikasi yang berhubungan dengan jabatan dan berlawanan dengan kewajiban maka wajib dilaporkan kepada KPK paling lambat 30 hari kerja sejak tanggal penerimaan.
Untuk gratifikasi berupa bingkisan makanan atau minuman yang mudah rusak, dapat disalurkan sebagai bantuan sosial ke panti asuhan, panti jompo, atau pihak yang membutuhkan, dengan tetap melaporkannya kepada Unit Pengendalian Gratifikasi (UPG) Inspektorat Daerah Kabupaten Pemalang. Selain itu, aparatur juga dilarang menggunakan fasilitas dinas untuk kepentingan pribadi.
""Pimpinan perangkat daerah diminta menyampaikan imbauan internal untuk menolak segala bentuk gratifikasi dan menginformasikannya secara terbuka kepada masyarakat,"" demikian tertulis dalam SE bernomor B/700/134/INSPEKTORAT DAERAH/2026 itu.
Pemkab Pemalang juga mengimbau pimpinan asosiasi, perusahaan, dan masyarakat agar tidak memberikan gratifikasi, suap, maupun uang pelicin kepada pegawai negeri atau penyelenggara negara.
""Jika ditemukan permintaan gratifikasi atau pemerasan, masyarakat diminta segera melapor kepada aparat penegak hukum atau pihak berwenang. Pelaporan gratifikasi dapat dilakukan melalui aplikasi pelaporan online KPK (GOL), email pelaporan.gratifikasi@kpk.go.id, maupun melalui UPG Inspektorat Daerah Kabupaten Pemalang.""",pemkab pemalang | gratifikasi | hari raya | surat edaran | thr | idul fitri | korupsi
"Minta Izin Berjualan, PKL Gajahmada Slawi Mengadu ke DPRD Kabupaten Tegal","Kamis 26-02-2026,20:27 WIB",https://radartegal.disway.id/lokal/read/723141/minta-izin-berjualan-pkl-gajahmada-slawi-mengadu-ke-dprd-kabupaten-tegal,"MENGADU - Sejumlah PKL Gajahmada Slawi saat mengadu ke DPRD Kabupaten Tegal, Kamis 26 Februari 2026.-Yeri Noveli-
SLAWI, radartegal.com – Puluhan pedagang kaki lima (PKL) yang biasa beroperasi di Jalan Gajahmada, SLAWI, mendatangi Kantor DPRD Kabupaten Tegal pada Kamis 26 Februari 2026. Kedatangan mereka bertujuan untuk menuntut kejelasan nasib setelah berulang kali terkena razia Satpol PP di koridor jalan yang kini telah ditata rapi tersebut.
Rombongan pedagang ini diterima langsung oleh Ketua Komisi I DPRD Kabupaten Tegal Abu Suud, dan Ketua Komisi II Muhammad Alfian Adipradana. Turut hadir perwakilan eksekutif, di antaranya Kepala Dinas Koperasi, UKM dan Perdagangan, Imam Rudy Kurnianto, serta Kepala Satpol PP Agus Sukoco.
Ketua Paguyuban PKL Gajahmada Slawi Agun Arofik menjelaskan bahwa para pedagang sebenarnya menyadari adanya larangan berjualan di trotoar. Namun, desakan ekonomi membuat mereka bertahan.
""Kami sadar aturan memang melarang. Karena itu kami datang ke DPRD ingin meminta izin agar tetap bisa berjualan di Jalan Gajahmada,"" ungkap Agun.
Saat ini, paguyuban tersebut menaungi 25 pedagang yang mayoritas menjajakan menu angkringan seperti nasi bungkus dan kopi. Agun mengaku selama ini para pedagang terjebak dalam pola ""kucing-kucingan"" dengan petugas.
""Kalau ada petugas kami geser, kalau tidak ada kami jualan lagi. Jujur kami tidak nyaman. Kami butuh solusi nyata agar bisa mencari nafkah dengan tenang,"" tambahnya.
Selain masalah lokasi, Agun juga menyoroti menjamurnya pedagang kopi keliling atau ""Starling"" di kawasan tersebut. Diperkirakan ada sekitar 96 pedagang kopi sepeda yang belum masuk dalam paguyuban, namun ikut menambah kepadatan di area Jalan Gajahmada.
Menanggapi tuntutan tersebut, Kepala Dinas Koperasi, UKM dan Perdagangan Kabupaten Tegal Imam Rudy Kurnianto, menegaskan bahwa sesuai Peraturan Bupati (Perbup), Jalan Gajahmada memang bukan zona untuk PKL.
Sebagai solusi, pemerintah menyarankan para pedagang untuk bergabung ke Alun-Alun Hanggawana Slawi.

MENGADU - Sejumlah PKL Gajahmada Slawi saat mengadu ke DPRD Kabupaten Tegal, Kamis 26 Februari 2026.-Yeri Noveli-
""Jalan Gajahmada sejak awal didesain sebagai koridor rapi tanpa PKL. Kami arahkan pedagang ke Alun-Alun Hanggawana yang merupakan satu dari 11 titik resmi PKL di Kabupaten Tegal,"" jelas Imam.
Untuk menampung tambahan pedagang, Pemkab Tegal tengah mematangkan konsep penataan ulang Alun-Alun Hanggawana:
Ketua Komisi I DPRD Abu Suud, mendukung penegakan aturan tersebut demi mengembalikan fungsi trotoar bagi pejalan kaki. Sementara itu, Ketua Komisi II, Muhammad Alfian Adipradana, mendorong agar proses relokasi segera dieksekusi agar pedagang tidak terus berada dalam ketidakpastian.
Kini, para pedagang hanya bisa berharap rencana relokasi tersebut bukan sekadar wacana, sehingga mereka tetap memiliki ruang untuk menyambung hidup di tengah pembangunan kota.",alun-alun hanggawana | jalan gajahmada | slawi | relokasi | kabupaten tegal | dprd | pkl
"Jelang Arus Mudik, Polisi Petakan Daerah Rawan Kemacetan dan Kecelakaan di Brebes","Kamis 26-02-2026,20:00 WIB",https://radartegal.disway.id/lokal/read/723139/jelang-arus-mudik-polisi-petakan-daerah-rawan-kemacetan-dan-kecelakaan-di-brebes,"Jelang mudik lebaran nanti, Satuan Lalu Lintas Polres Brebes memetakan daerah rawan kecelakaan dan macet.(Istimewa)
BREBES, radartegal.com - Jelang mudik lebaran nanti, Satuan Lalu Lintas Polres Brebes memetakan daerah rawan kecelakaan dan macet. Sejumlah langkah antisipasi juga telah disiapkan oleh pihak kepolisian.
Kepala Satlantas Polres Brebes, AKP Zaenurrozak menjelaskan pihaknya telah menyiapkan beberapa langkah dalam mengamankan arus mudik lebaran. Ini dilakukan sebagai antisipasi terjadinya kepadatan kendaraan saat arus mudik.
Dalam hal ini, pihaknya juga telah memetakan daerah yang rawan terjadi kemacetan dan rawan kecelakaan. Salah satunya, daerah yang rawan terjadi kemacetan berada di jalur Pantura.
Di jalur pantura mulai dari Losari ke arah timur, ada salah satu pasar yang rawan terjadi kemacetan dan berpotensi hambat arus mudik. Pasar tersebut yakni, Pasar Bulakamba Brebes. Pasar ini berada persis di pinggir pantura dan banyak aktifitas pedagang maupun warga yang mengganggu jalan.
""Pemetaan kami bersama Dishub terdapat beberapa titik kemacetan. Di antaranya Pasar Bulakamba. Disitu ada penjual yang memakan bahu jalan. Kami akan koordinasi dengan pihak Pasar dan Satpol PP Brebes, agar aktifitas pedagang lebih tertib tidak mengganggu,"" jelasnya.
Selain pantura, pasar tradisional di Desa Linggapura Tonjong Brebes juga berpotensi hambat lalu lintas. Pasar ini berada di pinggir jalur utama Pejagan - Banyumas dan bertepatan di area bottle neck (jalan menyempit).
Untuk daerah rawan kecelakaan, kata dia, berada di jalur Pantura. Hal ini karena jalur pantura di Brebes merupakan titik lelah pengemudi saat berkendara dari Jakarta. ""Jalur rawan kecelakaan juga di Pantura Bulakamba. Kita akan patroli rutin di semua tempat rawan kecelakaan,"" katanya.
Dia menambahkan, selain itu dirinya juga meminta para pemudik nanti untuk mewaspadai daerah rawan banjir. Saat musim hujan ada wilayah yang selalu terdampak banjir bila turun hujan, yakni Ketanggungan.
""Banjir di Ketanggungan kerap merendam jalan utama pengubung Pejagan - Banyumas,"" imbuhnya.
Sementara, untuk jalur alternatif masih ditemukan jalan dengan kondisi rusak. Jalan di Desa Bulakelor rusak dengan aspal terkelupas dan berlubang. Meski bukan jalan utama, jalur ini menjadi jalan alternatif bila diberlakukan one way di jalur Pejagan - Banyumas.

Jelang mudik lebaran nanti, Satuan Lalu Lintas Polres Brebes memetakan daerah rawan kecelakaan dan macet.(Istimewa)
Sementara di jalur Pantura, data di lapangan saat ini sudah ada beberapa petugas yang sedang melakukan perbaikan jalan yang berlubang. seperti terlihat di sebelah barat jembatan Kali Pemali, Brebes.",brebes hari ini | jelang arus mudik
"Bukber Bersama Awak Media, Polisi di Tegal Santuni Anak Yatim","Kamis 26-02-2026,19:30 WIB",https://radartegal.disway.id/lokal/read/723140/bukber-bersama-awak-media-polisi-di-tegal-santuni-anak-yatim,"Buka puasa bersama Polres Tegal Kota bersama awak media
TEGAL, radartegal.com - Jajaran Polres TEGAL Kota menggelar kegiatan buka puasa bersama sejumlah awak media, Rabu, 25 Februari 2026 di Masjid Al Amin. Kegiatan digelar untuk memperkuat sinergi dan mengapresiasi peran media.
Selain buka bersama, acara juga diisi dengan tausiyah dan santunan anak yatim. Itu, sebagai wujud rasa empati, utamanya terhadap anak panti asuhan.
Dalam sambutannya, Kapolres Tegal Kota AKBP Heru Antariksa Cahya mengatakan kegiatan tersebut bukan sekadar agenda seremonial Ramadan. Namun, wujud kepedulian dan empati, khususnya kepada anak-anak panti asuhan.
Selain itu, kata Kapolres, kegiatan juga dilakukan untuk meningkatkan sinergitas bersama insan pers. Sebagai upaya mewujudkan situasi aman dan kondusif.
""Sebab, keamanan tidak bisa diwujudkan polisi sendiri. Perlu dukungan semua pihak, termasuk insan pers,” tegasnya.
Kapolres juga menyampaikan terima kasih kepada awak media yang selama ini menjadi mitra strategis. Utamany, dalam menyampaikan informasi secara faktual dan mendukung publikasi tugas kepolisian.
""Sinergi yang terjalin harus terus diperkuat demi menjaga kondusivitas wilayah, khususnya di Kota Tegal,"" tegasnya.
Kapolres menambahkan, melalui momentum Ramadan, Polres Tegal Kota menegaskan komitmennya membangun kemitraan profesional dan humanis. Bersama media demi terciptanya rasa aman dan keterbukaan informasi di tengah masyarakat.
Perwakilan insan pers, Bambang Mujiono, menyebut hubungan media dan Polres Tegal Kota selama ini berjalan baik dan terbuka. Karenanya, momentum itu untuk mempererat sinergitas yang selama ini terjalin.
“Komunikasi yang terbangun sudah sangat positif. Momentum ini semakin mempererat kebersamaan dan memperkuat sinergi ke depan,” ujarnya.

Buka puasa bersama Polres Tegal Kota bersama awak media
Bambang menilai kegiatan sosial berupa santunan anak yatim menjadi bukti nyata kepedulian Polres Tegal Kota. Sekaligus contoh kolaborasi yang tidak hanya berorientasi pada informasi, tetapi juga nilai kemanusiaan.
Rangkaian kegiatan diisi dengan penyerahan santunan dan bingkisan kepada anak yatim serta bingkisan bagi insan pers, dilanjutkan tausyiah Ramadan dan buka puasa bersama, kemudian sholat Maghrib berjamaah.",berita tegal terbaru | berita tegal hari ini | berita tegal | polres tegal kota | kota tegal | tegal
"Membahayakan, Warga Dilarang Ngabuburit di Atas Jalur Rel Kereta Api","Kamis 26-02-2026,18:00 WIB",https://radartegal.disway.id/lokal/read/723137/membahayakan-warga-dilarang-ngabuburit-di-atas-jalur-rel-kereta-api,"IMBAUAN - Petugas PT KAI mengimbau warga untuk tidak melakukan ngabuburit di atas rel kereta api
SEMARANG, radartegal.com - PT KAI Daop IV SEMARANG, melarang warga di Jawa Tengah ngabuburit di atas jalur rel kereta. Sebab, aktivitas itu sangat membahayakan karena dapat mengancam nyawa.
Manager Humas PT KAI Daop IV Semarang Luqman Arif mengatakan pihaknya mengeluarkan larangan bagi masyarakat untuk beraktivitas di jalur kereta api. Termasuk saat menunggu waktu berbuka puasa atau ngabuburit selama bulan Ramadhan.
Menurut Luqman, larangan beraktivitas di jalur kereta api telah ditegaskan dalam Undang-Undang Nomor 23 Tahun 2007 tentang Perkeretaapian Pasal 181 Ayat (1). Pelanggaran terhadap aturan itu, dapat dikenakan sanksi pidana berupa penjara paling lama tiga bulan atau denda paling banyak Rp15 juta sebagaimana yang diatur dalam Pasal 199 UU 23 Tahun 2007.
""Selain itu, aktivitas itu sangat berbahaya dan dapat mengancam keselamatan. Baik bagi masyarakat sendiri maupun perjalanan kereta api,"" katanya.
Luqman mengungkapkan, selama bulan suci Ramadhan, masih ditemukan masyarakat yang berkumpul atau bermain di sekitar jalur rel kereta api. Baik saat sahur maupun menjelang berbuka.
""Karenanya, KAI dengan tegas melarang masyarakat berada di jalur kereta api. Untuk aktivitas apa pun selain kepentingan operasional kereta api,” ujarnya.
Apalagi, kata Luqman, frekuensi perjalanan kereta api meningkat khususnya menjelang masa angkutan Lebaran. Itu, menjadi alasan pentingnya kesadaran masyarakat untuk menghindari kebiasaan berbahaya ini.
""Karena, saat asyik bermain atau bersantai, masyarakat kerap tidak menyadari. Mereka berada di area terlarang yang dapat mengancam keselamatannya sendiri,"" terangnya.
Menurutnya, Berdasarkan data tahun ini di wilayah Daop 4 Semarang, hingga 26 Februari 2026 telah terjadi sepuluh kecelakaan di Jalur KA dan perlintasan sebidang. Kejadian itu, mengakibatkan 16 orang meninggal dunia, seorang luka berat dan sat ringan.
Sementara itu, sepanjang 2025 tercatat enam puluh satu kecelakaan di Jalur KA dan perlintasan sebidang. Menyebabkan lima puluh dua orang meninggal dunia, empat orang luka berat, dan sebelas orang luka ringan.

IMBAUAN - Petugas PT KAI mengimbau warga untuk tidak melakukan ngabuburit di atas rel kereta api
Sebagai upaya pencegahan, imbuh Luqman, KAI secara aktif melakukan sosialisasi kepada masyarakat. Termasuk mengunjungi sekolah-sekolah dan berbagai komunitas guna meningkatkan kesadaran akan bahaya beraktivitas di sekitar jalur rel.
Selain edukasi, KAI juga terus memperkuat patroli keamanan di area jalur kereta api. Dengan menambah jumlah personel yang bertugas di titik-titik rawan guna menghindari kejadian yang tidak diinginkan.",berita tegal terbaru | berita tegal hari ini | berita tegal | tegal | pt kai | ngabuburit | semarang
"Tanah Bergerak di Kajen Tegal Meluas ke Arah Barat, 85 Rumah Warga Lebaksiu Dilaporkan Rusak","Kamis 26-02-2026,16:19 WIB",https://radartegal.disway.id/lokal/read/723136/tanah-bergerak-di-kajen-tegal-meluas-ke-arah-barat-85-rumah-warga-lebaksiu-dilaporkan-rusak,"TANAH BERGERAK- Kondisi rumah warga yang ambruk akibat tanah bergerak di Desa Kajen, Kecamatan Lebaksiu, Kabupaten Tegal, Kamis 26 Februari 2026.-Yeri Noveli-
LEBAKSIU, radartegal.com– Fenomena alam tanah bergerak yang melanda Desa Kajen, Kecamatan LEBAKSIU, Kabupaten Tegal, dilaporkan kian meluas. Hingga Kamis 26 Februari 2026, pergerakan tanah masih aktif merambat ke sisi barat dan mengakibatkan jumlah bangunan rusak terus bertambah secara signifikan.
Ketua PMI Kabupaten Tegal Iman Sisworo, melalui Kepala Markas PMI Sunarto, menjelaskan bahwa kondisi lapangan yang belum stabil memaksa pemerintah memperpanjang masa penanganan bencana.
Bencana yang bermula pada 4 Februari 2026 ini awalnya ditetapkan berstatus tanggap darurat hingga 18 Februari. Namun, melihat ancaman yang masih tinggi, status tersebut kini diperpanjang hingga 4 Maret 2026.
“Karena kondisi lapangan belum stabil dan pergerakan tanah masih aktif, status tanggap darurat diperpanjang,” ujar Sunarto.
Wilayah terdampak paling parah berada di RW 09, yang mencakup RT 01, 02, 03, dan 04. Jika sebelumnya tercatat 21 rumah roboh, laporan terbaru dari Pemerintah Desa Kajen menunjukkan lonjakan data yang mengkhawatirkan.
Rincian dampak bencana tanah bergerak Desa Kajen:
Setiap kali hujan deras mengguyur wilayah Lebaksiu, retakan baru terus muncul pada struktur bangunan warga. Hal ini meningkatkan risiko robohnya rumah secara tiba-tiba.
Meski banyak rumah rusak, sebagian besar warga memilih mengungsi secara mandiri ke rumah kerabat. Sementara itu, pelayanan kesehatan mobile dari Puskesmas Lebaksiu rutin melakukan pemeriksaan rutin bagi warga di posko.
Dapur umum sejauh ini masih berjalan melalui swadaya masyarakat dengan dukungan logistik yang dikoordinasikan oleh pemerintah desa bersama relawan PMI dan BPBD.
Anggota DPRD Kabupaten Tegal, Agung Yudhi Kurniawan (AYK), menyoroti pentingnya akurasi data dalam fase darurat ini. Ia mendesak dinas terkait untuk segera merampungkan pendataan detail.

TANAH BERGERAK- Kondisi rumah warga yang ambruk akibat tanah bergerak di Desa Kajen, Kecamatan Lebaksiu, Kabupaten Tegal, Kamis 26 Februari 2026.-Yeri Noveli-
“Pendataan detail by name by address ini penting sebagai dasar penetapan penerima bantuan dan perencanaan Hunian Sementara (Huntara),” tegas AYK.
Ia juga mendorong pemerintah daerah untuk segera melakukan kajian teknis terkait kemungkinan relokasi warga demi menjamin keselamatan jangka panjang bagi masyarakat Desa Kajen.",relokasi warga | tanggap darurat | kajen | huntara | lebaksiu | pmi kabupaten tegal | kabupaten tegal
"Ramadan di Pengungsian Padasari Tegal: Warga Bertahan dengan Nasi Bungkus, Harapkan Bantuan Tunai","Kamis 26-02-2026,15:00 WIB",https://radartegal.disway.id/lokal/read/723134/ramadan-di-pengungsian-padasari-tegal-warga-bertahan-dengan-nasi-bungkus-harapkan-bantuan-tunai,"PENGUNGSI - Sejumlah warga terdampak bencana tanah bergerak masih bertahan di tenda pengungsian di Desa Padasari, Kecamatan Margasari, Kabupaten Tegal, Rabu 25 Februari 2026 sore.-Yeri Noveli-
JATINEGARA, radartegal.com – Memasuki pekan pertama Ramadan 2026, ratusan penyintas bencana tanah bergerak di Desa Padasari, Kecamatan Jatinegara, Kabupaten Tegal, harus menjalani ibadah puasa dalam keprihatinan. Di balik terpal tenda darurat, para pengungsi kini menggantungkan hidup pada kiriman nasi bungkus dan bantuan dermawan.
Hingga Rabu sore 25 Februari 2026, suasana di posko pengungsian Padasari tampak lengang. Meski aroma masakan dari dapur umum mulai tercium menjelang waktu berbuka, kebutuhan para pengungsi nyatanya belum sepenuhnya terpenuhi.
Warningsi, salah satu pengungsi, mengungkapkan rasa syukurnya atas jaminan makan sahur dan berbuka. Namun, ia tak menampik adanya kesulitan finansial untuk kebutuhan tambahan selama bulan suci.
""Untuk makan memang ada dari dapur umum. Tapi kami tidak punya uang untuk beli takjil atau jajanan buat anak-anak,"" ujar Warningsi lirih.
Kondisi ekonomi warga kian terpuruk sejak bencana melanda. Mayoritas suami para pengungsi yang bekerja sebagai petani kini kehilangan penghasilan. Alih-alih menggarap sawah, mereka fokus menyelamatkan sisa perabot rumah dari ancaman pergerakan tanah yang masih menghantui.
Menurut penuturan warga, bantuan uang tunai sejauh ini baru diterima satu kali sebesar Rp100.000 per KK, itu pun berasal dari sumbangan pihak swasta/dermawan, bukan dari anggaran pemerintah.
Keluhan utama pengungsi saat ini meliputi:
Ketua RW Desa Padasari, Bulnyamin menegaskan bahwa bantuan tunai atau santunan sangat krusial saat ini.
""Warga kehilangan pekerjaan. Mereka butuh pegangan hidup, apalagi di bulan Ramadan yang serba butuh biaya,"" tegasnya.

PENGUNGSI - Sejumlah warga terdampak bencana tanah bergerak masih bertahan di tenda pengungsian di Desa Padasari, Kecamatan Margasari, Kabupaten Tegal, Rabu 25 Februari 2026 sore.-Yeri Noveli-
Di tengah ketidakpastian, harapan baru mulai muncul. Saat ini, Kementerian Pekerjaan Umum (PU) terpantau sedang melakukan pemerataan lahan untuk pembangunan Hunian Sementara (Huntara). Alat berat telah dikerahkan setiap hari agar warga bisa segera pindah dari tenda darurat ke tempat yang lebih layak.",kementerian pekerjaan umum | padasari | nasi bungkus | huntara | pengungsian | ramadan | takjil
"Geger! Biawak Masuk ke Perkantoran Dinperwaskim Brebes, Pegawai Heboh","Kamis 26-02-2026,12:34 WIB",https://radartegal.disway.id/lokal/read/723131/geger-biawak-masuk-ke-perkantoran-dinperwaskim-brebes-pegawai-heboh,"Seekor biawak masuk di wilayah perkantoran Dinas Perumahan Rakyat dan Kawasan Permukiman (Dinperwaskim) Kabupaten Brebes, Rabu 25 Februari 2026 lalu.(Istimewa)
BREBES, radartegal.com– Seekor biawak masuk di wilayah perkantoran Dinas Perumahan Rakyat dan Kawasan Permukiman (Dinperwaskim) Kabupaten BREBES, Rabu 25 Februari 2026 lalu. Sontak, hal itu membuat pegawai kaget.
Biawak sepanjang 150 centimeter (Cm) ini diketahui berada di dalam salah satu ruangan kerja dan bersembunyi di sudut dekat meja pegawai. Beberapa pegawai yang melihat langsung bergegas keluar ruangan karena khawatir hewan tersebut bergerak agresif.
Suasana kantor sempat heboh dan pihak Dinperwaskim Brebes kemudian menghubungi petugas dari Pemadam Kebakaran (Damkar) Kabupaten Brebes untuk melakukan evakuasi.
Kepala Satpol PP Brebes Caridah melalui Kabid Perlindungan Masyarakat dan Pemadam Kebakaran Rafiudin Musa menjelaskan, bahwa pihaknya mendatangi kantor Dinperwaskim setelah mendapatkan laporan.
Selama evakuasi, pihaknya melakukannya dengan hati-hati agar tidak melukai pegawai maupun merusak fasilitas kantor. Setelah beberapa menit, satwa liar tersebut berhasil diamankan dalam kondisi hidup.
""Kami berhati-hati saat menangkap dan alhamdulillah hanya dengan menggunakan sarung tangan dan tali, petugas kami di lapangan berhasil menangkap biawak tersebut dalam keadaan hidup,"" ungkapnya, Kamis 26 Februari 2026.
Selang beberapa menit kemudian, reptil tersebut berhasil dievakuasi oleh tim Damkar. Sehari sebelumnya, hewan tersebut juga muncul, namun saat dicari keberadaannya, tidak diketahui pegawai di Dinperwaskim Brebes.
""Mereka khawatir, barangkali bersembunyi di atas plafon kantor, lalu jatuh mengenai mereka para pegawai,"" jelasnya.
Pihak Damkar Brebes, mengimbau kepada masyarakat di Kabupaten Brebes, untuk bisa menghubungi pihaknya bila membutuhkan pertolongan, baik penanganan kebakaran maupun lainnya yang membahayakan, seperti penanganan tawon vespa, ular, biawak dan lain sebagainya.
""Kami petugas damkar berkomitmen mendukung pemerintah ibu Bupati Paramitha dalam melindungi masyarakat. Tidak hanya kebakaran tapi masalah lainnya yang bisa membahayakan jiwa, seperti penangan tawon, ular dan lain sebagainya,"" pungkasnya.",satpol bb | damkar brebes | dinperwaskim brebes | brebes | kabupaten brebes | biawak
"Kendalikan Inflasi dan Jaga Daya Beli, Pemalang Gelar Pasar Murah","Kamis 26-02-2026,08:00 WIB",https://radartegal.disway.id/lokal/read/723127/kendalikan-inflasi-dan-jaga-daya-beli-pemalang-gelar-pasar-murah,"Bupati Pemalang Anom Widiyantoro dalam kegiatan pasar murah
PEMALANG, radartegal.com - Pemerintah Kabupaten (Pemkab) Pemalang menggelar pasar murah sebagai upaya pengendalian inflasi daerah sekaligus menyambut Hari Raya Idul Fitri 1447 Hijriah. pasar murah digelar di Balai Desa Clekatakan, Kecamatan Pulosari, Rabu, 25 Februari 2026.
Kegiatan pasar murah dibuka langsung oleh Bupati Pemalang Anom Widiyantoro. Pada kesempatan itu Bupati Anom menegaskan bahwa pasar murah bukan sekadar kegiatan rutin, melainkan bagian dari strategi nasional dalam mengendalikan inflasi hingga ke tingkat desa.
Menurutnya, pergerakan inflasi menjadi perhatian pemerintah pusat, termasuk Kementerian Keuangan dan Kementerian Dalam Negeri.
""Inflasi ini menjadi atensi pemerintah pusat. Bahkan kegiatan seperti ini terpantau sampai ke kementerian. Jadi pasar murah bukan kegiatan biasa, tetapi bagian dari upaya nasional menjaga stabilitas harga,"" katanya.
Ia menambahkan, inflasi merupakan salah satu indikator keberhasilan pemerintah daerah dalam mengelola perekonomian. Karena itu, Pemkab Pemalang berupaya memperluas titik pelaksanaan pasar murah guna menjaga daya beli masyarakat.
Bupati juga menyampaikan apresiasi kepada seluruh pihak, termasuk sponsor yang telah memberikan subsidi dalam kegiatan tersebut.
Sementara itu, Ketua TP PKK Kabupaten Pemalang, Noor Faizah Maenofie, menjelaskan bahwa PKK berkolaborasi dengan berbagai OPD dan BUMD untuk menyediakan kebutuhan masyarakat. OPD dan BUMD lanjut dia, menyediakan bahan pokok, sedangkan PKK menambah pelengkap seperti kue dan sirup, khususnya untuk desa dengan kategori kemiskinan ekstrem.
Ia berharap pasar murah dapat menginspirasi masyarakat mengembangkan produk UMKM agar ke depan bisa dipasarkan dalam kegiatan serupa.
Sebelumnya, Kepala Dinas Koperasi UMKM dan Perdagangan Kabupaten Pemalang, Rosi Kartika Dewi, melaporkan bahwa pasar murah menyasar masyarakat desil 1 dan desil 2.
Rencananya, pasar murah ini akan dilaksanakan di empat desa, yakni Desa Clekatakan, Desa Tundagan, Desa Bulakan, dan Desa Serang, serta akan ditutup di Pendopo Kabupaten Pemalang pada 12 Maret mendatang.

Bupati Pemalang Anom Widiyantoro dalam kegiatan pasar murah
Dalam kegiatannya, sebanyak 700 paket sembako disediakan Diskumdag berisi 3 kilogram beras, 1 liter minyak goreng, dan 1 kilogram gula pasir.
Selain itu, Dinas Pertanian dan Pangan menyediakan beras SPHP ukuran 5 kilogram dan telur ayam bersubsidi. PKK menyediakan biskuit dan sirup, Dharma Wanita Persatuan menyalurkan barang layak pakai, sementara BUMD Kabupaten Pemalang menyediakan paket sembako Rp57 ribu.
Dukungan juga datang dari BUMN berupa paket pangan bersubsidi. Tak hanya penjualan sembako, kegiatan ini juga diramaikan layanan administrasi kependudukan dari Disdukcapil Kabupaten Pemalang serta pemeriksaan kesehatan gratis dari Dinas Kesehatan Kabupaten Pemalang. Pembiayaan kegiatan bersumber dari APBD 2026 dan dukungan pihak lain.
Warga Dusun Sarwodadi, Aliyah, mengaku terbantu dengan adanya pasar murah tersebut. Ia menyebut harga kebutuhan pokok bisa lebih murah hingga sekitar 50 persen dari harga normal.
""Harganya murah, sangat membantu masyarakat. Semoga tahun depan paketnya bisa lebih banyak lagi,"" harapnya.",daya beli | pemkab pemalang | pasar murah | inflasi
Ramadan 2026: Warga Padasari Tegal Tarawih dan Puasa di Tenda Pengungsian,"Rabu 25-02-2026,15:30 WIB",https://radartegal.disway.id/lokal/read/723120/ramadan-2026-warga-padasari-tegal-tarawih-dan-puasa-di-tenda-pengungsian,"TARAWIH- Pengungsi bencana tanah bergerak Padasari menjalankan ibadah tawarih di tenda pengungsian.-Hermas Purwadi-
SLAWI, radartegal.com – Memasuki bulan suci Ramadan 1447 Hijriah, puluhan warga terdampak bencana tanah bergerak di Desa Padasari, Kecamatan Jatinegara, Kabupaten Tegal, harus menjalani ibadah dalam kondisi serba terbatas. Di tengah tenda darurat yang disediakan PMI Kabupaten Tegal, suasana haru menyelimuti pelaksanaan salat tarawih berjamaah para pengungsi.
Meski fasilitas ibadah sangat minim akibat rusaknya masjid desa, kekhusyukan warga tetap terjaga. Hingga saat ini, proses rekonstruksi pascabencana belum rampung, memaksa ratusan kepala keluarga (KK) untuk tetap bertahan di pengungsian selama bulan puasa.
Ningsih, salah satu warga terdampak, mengungkapkan rasa syukurnya meski harus berbuka puasa dengan menu seadanya. Ia mengenang perbedaan drastis antara Ramadan tahun lalu di rumah sendiri dengan kondisi saat ini.
""Tahun lalu kami bisa berbuka di rumah dengan takjil lengkap. Sekarang, untuk sahur dan berbuka, kami mengandalkan makanan dari dapur umum di lokasi pengungsian,"" ujar Ningsih, Rabu 25 Februari 2026.
Untuk menyiasati rasa bosan, beberapa warga berinisiatif menambah lauk secara mandiri. Namun, keterbatasan ekonomi pascabencana menjadi tantangan besar bagi para korban.
Selain bantuan makanan, warga sangat mengharapkan adanya dukungan finansial. Saat ini, bantuan uang tunai yang diterima baru mencapai sekitar Rp100.000 per kepala keluarga dari donasi masyarakat.
Hal senada disampaikan oleh Halimah. Ia berharap pemerintah daerah segera menyalurkan tambahan bantuan untuk memenuhi kebutuhan harian anak-anak dan operasional selama Ramadan.
""Banyak warga kehilangan mata pencaharian akibat tanah bergerak ini. Kami sangat membutuhkan dukungan finansial untuk bertahan hidup selama bulan suci,"" pungkas Halimah.
Meskipun harus beribadah di bawah tenda darurat, semangat solidaritas antarwarga Desa Padasari tetap kuat, menjadi simbol ketabahan mereka dalam menghadapi ujian bencana di tengah bulan suci Ramadan.",tenda pengungsian | padasari | tanah bergerak | tegal | ibadah | bencana | tarawih | puasa
"Tarhim di Comal, Bupati Pemalang Salurkan Bantuan untuk Warga Pecangakan","Rabu 25-02-2026,12:44 WIB",https://radartegal.disway.id/lokal/read/723115/tarhim-di-comal-bupati-pemalang-salurkan-bantuan-untuk-warga-pecangakan,"Tarhim, Bupati Pemalang serahkan bantuan untuk warga di Desa Pecangakan
COMAL, radartegal.com- Warga Desa Pecangakan, Kecamatan COMAL, Kabupaten Pemalang menerima bantuan sosial dari Baznas, Dinsos KBPP Pemalang, dan PMI. Bantuan tersebut disalurkan langsung oleh Bupati Pemalang Anom Widiyantoro usai kegiatan Tarawih dan Silaturahim (Tarhim) di Masjid Nurul Huda, Selasa malam 24 Februari 2026.
Bantuan yang diberikan kepada masyarakat kurang mampu berupa beras 5 kilogram, uang tunai, dan paket sembako. Bupati Anom mengatakan kegiatan bantuan sosial yang dibarengi silaturahmi diharapkan dapat memperkuat kebersamaan masyarakat dan pemerintah.
""Suasana guyub rukun penting untuk dijaga, terutama di bulan suci Ramadan seperti ini,"" katanya.
Pada kesempatan itu, Anom mengajak masyarakat menjalani kehidupan secara normal, menjaga kerukunan, serta meningkatkan kualitas ibadah selama Ramadan. Ia juga mengimbau warga untuk turut mendoakan masyarakat yang terdampak bencana di berbagai wilayah, baik di kawasan selatan maupun pesisir utara Pemalang.
Bupati juga mengingatkan masyarakat agar tetap waspada terhadap perubahan cuaca ekstrem yang bisa terjadi sewaktu-waktu. Terkait infrastruktur yang rusak akibat bencana, ia memastikan pemerintah daerah akan segera melakukan perbaikan dan pembangunan kembali fasilitas yang terdampak.
""Kami bersama jajaran akan melaksanakan pembangunan infrastruktur sebaik-baiknya karena itu bagian dari tanggung jawab kami,"" ujarnya.
Ia pun berharap masyarakat terus mendukung pemerintah dengan menjaga kerukunan dan memperkuat kolaborasi agar pembangunan daerah dapat berjalan optimal.
""Kami berharap silaturahmi tetap terjaga dan berkolaborasi, supaya kami mempunyai semangat pikiran dan kesehatan,"" pungkasnya.",tarhim | comal | pembangunan daerah | bupati pemalang | pemalang | cuaca ekstrem
"Perbaikan Pipa Air Bersih Tegal Capai 85%, Distribusi Air Belum Normal Sepenuhnya","Rabu 25-02-2026,11:30 WIB",https://radartegal.disway.id/lokal/read/723116/perbaikan-pipa-air-bersih-tegal-capai-85-distribusi-air-belum-normal-sepenuhnya,"AIR BERSIH – Warga Jalan Flores, Kelurahan Panggung, Kecamatan Tegal Timur, Kota Tegal, mengantre penyaluran air bersih yang diberikan Perumda Air Minum Tirta Bahari, Senin pagi 23 Februari 2026.-K. Anam Syahmadani-
TEGAL, radartegal.com- Banjir bandang di Desa Dawuhan, Kecamatan Sirampog, Kabupaten Brebes, mengakibatkan jalur pipa air bersih utama terputus. Akibatnya, pasokan air menuju Kota TEGAL terganggu secara signifikan.
Saat ini, proses perbaikan terus dikebut oleh pihak pengelola guna menormalkan kembali layanan bagi pelanggan.
Hingga saat ini, progres perbaikan pipa di titik Dawuhan telah mencapai 74 persen, sementara di wilayah Sumbaga sudah menyentuh angka 85 persen. PT TUJT selaku pengelola terus melakukan percepatan pengerjaan di lapangan.
Namun, faktor alam menjadi kendala utama. Intensitas hujan yang tinggi, kondisi tanah yang labil, serta akses lokasi yang sulit membuat penyelesaian pekerjaan belum bisa dipastikan 100 persen.
""Belum bisa diprediksi (kapan selesai total),"" ujar Kepala Sub Bagian Humas Perumda Air Minum Tirta Bahari Kota Tegal Endi Widjokongko Direktur Utama Perumda Air Minum Tirta Bahari Hasan Suhandi, Senin 23 Februari 2026.
Gangguan distribusi air ini berdampak pada sejumlah wilayah di Kota Tegal, meliputi:
Secara teknis, pasokan air mengalami penurunan drastis. Dalam kondisi normal, debit air yang masuk melalui meteran induk batas kota mencapai 200 liter per detik, namun saat ini hanya tersedia sekitar 120 liter per detik.
Meski demikian, mata air Bregas 2 dipastikan tidak mati total dan masih mengalirkan air sekitar 50 persen dari kapasitas normal.
Guna menyiasati krisis ini, Perumda Air Minum Tirta Bahari bersama Dinas Pekerjaan Umum dan Penataan Ruang (DPUPR) serta BPBD Kota Tegal terus mengerahkan bantuan air bersih. Bantuan didistribusikan melalui:

AIR BERSIH – Warga Jalan Flores, Kelurahan Panggung, Kecamatan Tegal Timur, Kota Tegal, mengantre penyaluran air bersih yang diberikan Perumda Air Minum Tirta Bahari, Senin pagi 23 Februari 2026.-K. Anam Syahmadani-
Pihak Perumda Air Minum Tirta Bahari memohon maaf atas ketidaknyamanan yang dialami warga. Masyarakat diimbau untuk bersabar mengingat kendala teknis di medan perbaikan yang cukup berat.
""Kami mengucapkan mohon maaf atas kondisi dan pelayanan yang belum maksimal,"" tutup Endi.",dawuhan | jaringan pipa | bregas | air bersih | air minum | pdam | tegal | perbaikan | bantuan
"Persiapan Pengamanan Lebaran Idul Fitri 2026, Polres Tegal Siagakan 350 Personel dan 10 Pospam","Rabu 25-02-2026,08:50 WIB",https://radartegal.disway.id/lokal/read/723114/persiapan-pengamanan-lebaran-idul-fitri-2026-polres-tegal-siagakan-350-personel-dan-10-pospam,"RAPAT - Bupati Tegal dan Wakil Bupati Tegal, Kapolres dan Sekda, saat rapat koordinasi pengamanan Hari Raya Idul Fitri 1447 H/2026 M.-Hermas Purwadi/Radar Tegal Grup-
SLAWI, radartegal.com - Lebaran Idul Fitri 1447 H/2026 M masih kurang 21 hari lagi. Meski begitu persiapan pengamanan Lebaran Idul Fitri 2026 tengah dilakukan Polres Tegal.
Hal ini terungkap dalam Rapat Koordinasi Lintas Sektoral Pengamanan Hari Raya Idul Fitri 1447 H/2026 M, di Ruang Rapat Bupati Tegal, Selasa, 24 Februari 2026.
Rapat diikuti unsur Forkopimda, instansi vertikal, OPD, serta stakeholder terkait guna memastikan kesiapan pengamanan, pelayanan, dan kelancaran arus mudik maupun arus balik.
Dalam rapat, Kabagops Polres Tegal Kompol Suyanto memaparkan kesiapan Operasi Ketupat Candi 2026 yang akan dilaksanakan selama 16 hari.
Menurutnya, ada 350 personel yang terlibat dalam opreasi ini, dengan dukungan 10 pos pengamanan (pospam) serta pelayanan di wilayah Kabupaten Tegal.
""Sasaran pengamanan meliputi penyakit masyarakat, potensi kemacetan, gangguan ibadah, hingga bencana alam,"" jelasnya.
Kapolres Tegal AKBP Bayu Prasatyo, menyampaikan pentingnya kolaborasi seluruh pihak dalam menjaga keamanan dan ketertiban masyarakat selama bulan Ramadan hingga Idul Fitri.
“Kami mengajak seluruh elemen masyarakat dan pemerintah daerah untuk bersama-sama menjaga kamtibmas, mengaktifkan kembali poskamling, serta meningkatkan kewaspadaan terhadap potensi kejahatan seperti curat, curas, dan curanmor.""
""Sinergi ini sangat penting agar masyarakat dapat beribadah dan merayakan Idul Fitri dengan aman dan nyaman,” ungkap Kapolres.
Rapat juga membahas berbagai aspek strategis, mulai dari pemetaan potensi kerawanan, pengamanan jalur mudik, kesiapan pos pengamanan, hingga stabilitas harga bahan pokok dan keamanan pangan.

RAPAT - Bupati Tegal dan Wakil Bupati Tegal, Kapolres dan Sekda, saat rapat koordinasi pengamanan Hari Raya Idul Fitri 1447 H/2026 M.-Hermas Purwadi/Radar Tegal Grup-
Selain itu, kesiapan layanan kesehatan, mitigasi bencana, serta keandalan listrik, BBM, dan telekomunikasi juga menjadi perhatian utama menjelang Hari Raya.
Bupati Tegal Ischak Maulana Rohman menekankan pentingnya sinergitas lintas sektoral, pengawasan bahan pokok, keamanan pangan, serta percepatan perbaikan infrastruktur jalan guna mendukung kelancaran arus mudik dan wisata.
""Melalui kegiatan ini diharapkan seluruh stakeholder mampu meningkatkan koordinasi, menghilangkan ego sektoral, serta memberikan pelayanan humanis, cepat, dan responsif kepada masyarakat. Dengan komitmen bersama, pengamanan Hari Raya Idul Fitri 1447 H di Kabupaten Tegal diharapkan berjalan aman, dan kondusif,"" tegasnya.",bupati tegal | polres tegal | pengamanan | pos pengamanan | rapat koordinasi | idul fitri
"Mati dan Membahayakan, DLH Tebang Pohon Peneduh Jalan Lengkong Adiwerna","Rabu 25-02-2026,07:00 WIB",https://radartegal.disway.id/lokal/read/723113/mati-dan-membahayakan-dlh-tebang-pohon-peneduh-jalan-lengkong-adiwerna,"MATI - Petugas DLH tebang pohon peneduh di Jalan Lengkong Adiwerna yang mati dan kering.-Hermas Purwadi/Radar Tegal Grup-
SLAWI, radartegal.com - Guna meminimalisasi hal yang tidak diinginkan, Dinas Lingkungan Hidup (DLH) Kabupaten Tegal tebang pohon peneduh di ruas Jalan Lengkong Adiwerna. Penebangan dilakukan karena pohon berukuran besar tersebut telah mati dan membahayakan pengguna jalan.
Plt Kepala DLH Kabupaten Tegal, Mulyanto, melalui Kabid Penataan Lingkungan Taroyo menyatakan, penebangan pohon peneduh jalan dilakukan di ruas Jalan Lengkong Adiwerna.
""Sebelumnya, tim DLH Kabupaten Tegal melakukan survey setelah ada laporan dari masyarakat terkait adanya pohon peneduh yang sudah mati dan kering,"" ujarnya Selasa, 24 Februari 2026.
Dari hasil survey yang dilakukan tim DLH di lapangan, terkuak pohon tersebut sengaja dimatikan oleh tangan-tangan jahat dengan cara bagian pangkal pohon dikuliti atau kulit pohon dikelupas secara melingkar.
""Untuk menghindari hal-hal yang tidak diingninkan, upaya penebangan kami lakukan agar tidak membahayakan pengguna jalan,"" cetusnya.
Menurutnya, penebangan dan perambasan pohon peneduh jalan diatur secara ketat oleh Dinas Lingkungan Hidup (DLH) Kabupaten Tegal.
""Karena pohon-pohon tersebut merupakan aset daerah yang berfungsi sebagai pelindung, penyerap polusi, dan pengatur iklim mikro kota. Penebangan atau perambasan yang dilakukan secara sembarangan oleh masyarakat dapat dikenakan sanksi administratif dan perdata,"" ungkapnya.
Pihaknya menyatakan ada prosedur dan aturan penebangan pohon. Di manan penebangan pohon tepi jalan milik pemerintah daerah harus mendapatkan izin resmi dari kepala daerah atau pejabat yang ditunjuk dalam hal ini DLH.
""Izin diberikan hanya jika pohon memenuhi kriteria teknis, antara lain sudah kering/lapuk/mati, berpotensi mengganggu keselamatan umum (rawan tumbang), atau mengganggu jaringan utilitas kota,"" tegasnya.",jalan lengkong adiwerna | pohon peneduh | dlh | kabupaten tegal
Kabar Baik! 521 Kartu KIS PBI Pengungsi Padasari Tegal Resmi Diaktifkan Kembali,"Selasa 24-02-2026,21:05 WIB",https://radartegal.disway.id/lokal/read/723112/kabar-baik-521-kartu-kis-pbi-pengungsi-padasari-tegal-resmi-diaktifkan-kembali,"Ilustrasi-Khikmah Wati-Notebooklm
JATINEGARA, radartegal.com- Pemerintah Kabupaten (Pemkab) Tegal melalui Dinas Sosial (Dinsos) bergerak cepat memastikan layanan kesehatan bagi warga terdampak bencana tanah bergerak di Desa Padasari, Kecamatan Jatinegara. Sebanyak 521 kartu Jaminan Kesehatan Nasional-Kartu Indonesia Sehat (JKN-KIS) segmen Penerima Bantuan Iuran (PBI) yang sebelumnya nonaktif, kini resmi direaktivasi.
Langkah ini diambil agar warga yang kini berada di pengungsian tetap bisa mengakses layanan medis secara gratis tanpa kendala administrasi.
Kepala Dinas Sosial Kabupaten Tegal Tri Guntoro, didampingi Sekretaris Dinas Joko Priono, menjelaskan bahwa reaktivasi ini merupakan prioritas utama dalam penanganan dampak bencana.
""Kami pastikan 521 pemegang kartu JKN-KIS warga Desa Padasari yang berstatus pengungsi sudah aktif kembali. Harapannya, mereka tetap mendapatkan layanan kesehatan gratis dari pemerintah di tengah masa sulit ini,"" ujar Tri Guntoro di sela Forum OPD di Aula Dinsos, Selasa 24 Februari 2026.
Reaktivasi ini dilakukan di tengah transisi sistem data kemiskinan nasional. Tri Guntoro mengungkapkan adanya transformasi dari Data Terpadu Kesejahteraan Sosial (DTKS) menuju Digital Bantuan Sosial (Bansos).
Kabupaten Tegal terpilih menjadi salah satu daerah uji coba digitalisasi ini di Jawa Tengah, bersama Kabupaten Banyumas, dari total 40 kota/kabupaten se-Indonesia. Perubahan sistem ini sebelumnya sempat menyebabkan beberapa penerima bansos mengalami status cut-off atau penonaktifan sementara.
Selain masalah administrasi kesehatan, Forum OPD juga menyoroti beberapa isu krusial:
Menghadapi tren peningkatan bencana dan kebutuhan sosial, Dinsos Kabupaten Tegal telah memploting kebutuhan anggaran untuk tahun 2027. Fokus utama meliputi:",padasari | kartu kis | tanah bergerak | pbi | bencana | pengungsi
Korban Tanah Bergerak Padasari Tegal Mulai Diserang Penyakit: Batuk hingga Diare,"Selasa 24-02-2026,20:53 WIB",https://radartegal.disway.id/lokal/read/723111/korban-tanah-bergerak-padasari-tegal-mulai-diserang-penyakit-batuk-hingga-diare,"POSKO KESEHATAN- Kondisi pengungsi tanah bergerak Padasari, Tegal memprihatinkan. Puluhan warga mulai terserang batuk, diare, hingga gatal-gatal. -Yeri Noveli-
JATINEGARA, radartegal.com – Kondisi kesehatan korban tanah bergerak di Desa Padasari, Kecamatan JATINEGARA, Kabupaten Tegal kini menjadi perhatian serius. Sejak bencana tanah bergerak melanda pada 2 Februari 2026, ribuan warga terpaksa meninggalkan rumah mereka yang rusak dan berlindung di tenda darurat.
Kini, di tengah keterbatasan fasilitas, ancaman penyakit mulai mengintai para korban tanah bergerak Padasari Tegal tersebut.
Pantauan di Posko Kesehatan PSC 119 Dinas Kesehatan Kabupaten Tegal yang berlokasi di Pondok Pesantren Al-Adalah 2, Desa Capar, antrean warga yang memeriksakan diri terus meningkat.
Keluhan kesehatan yang paling banyak muncul di antaranya batuk, pilek, diare, hingga penyakit kulit seperti gatal-gatal.
Arini, salah satu santriwati pengungsi asal Desa Padasari, mengungkapkan bahwa ia telah merasakan gejala tersebut sejak awal bulan puasa.
""Saya merasa gatal-gatal, ada bintik merah di tangan, batuk, dan mual. Sangat terbantu dengan adanya posko kesehatan di sini karena akses ke puskesmas cukup sulit,"" ujarnya.
Kepala Bidang Sumber Daya Kesehatan Dinkes Kabupaten Tegal Siti Iva Rifda Chomsiyah, membenarkan lonjakan keluhan kesehatan dari korban bencana Padasari Tegal tersebut.
""Setiap hari warga dan santri berdatangan. Keluhan dominan adalah infeksi saluran pernapasan (batuk/pilek), diare, dan masalah kulit,"" ungkap Siti Iva.
Ia menduga diare yang dialami warga dipicu oleh perubahan pola makan dan sanitasi yang kurang memadai di lokasi pengungsian selama bulan puasa.

POSKO KESEHATAN- Kondisi pengungsi tanah bergerak Padasari, Tegal memprihatinkan. Puluhan warga mulai terserang batuk, diare, hingga gatal-gatal. -Yeri Noveli-
Untuk mencegah penyebaran penyakit lebih luas, Dinkes Kabupaten Tegal telah mengoperasikan posko kesehatan yang tersebar di beberapa titik strategis:
Posko kesehatan ini beroperasi setiap hari mulai pukul 07.00 WIB hingga 19.00 WIB, memberikan akses pengobatan gratis dan rujukan bagi pengungsi yang membutuhkan penanganan lebih lanjut.
Meski layanan medis telah siaga, kondisi ribuan pengungsi yang berdesakan dengan keterbatasan air bersih tetap menjadi tantangan besar. Kewaspadaan terhadap kebersihan lingkungan dan asupan gizi kini menjadi kunci untuk mencegah wabah penyakit yang lebih serius di area pengungsian Jatinegara.",padasari | tanah bergerak | jatinegara | posko kesehatan | kabupaten tegal | korban | pengungsi
"Ramadan, Stok Beras dan Minyak Goreng di Tegal Raya Aman Hingga Lebaran","Selasa 24-02-2026,19:00 WIB",https://radartegal.disway.id/lokal/read/723109/ramadan-stok-beras-dan-minyak-goreng-di-tegal-raya-aman-hingga-lebaran,"Wakil Dirut Bulog Marga Taufiq menggelar rapat koordinasi stabilisasi pasokan harga pangan di Kantor Bulg Tegal, Senin (23/02/26)
TEGAL, radartegal.com – Ketersediaan stok beras dan minyak goreng di wilayah TEGAL Raya dipastikan aman hingga menjelang lebaran. Itu, disampaikan Pemimpin Cabang Perum Bulog TEGAL, Agung Rohman, Senin (23/02/26).
Dirinya menyampaikan hal itu, usai rapat koordinasi bersama Kodim, Dinas Pertanian, dan Dinas Perdagangan se-wilayah Tegal, Batang, hingga Brebes yang digelar di Kantor Bulog Tegal. Menurutnya, ketersediaan stok beras dan minyak goreng dalam kondisi aman dan sangat mencukupi saat Ramadan hingga menjelang Idulfitri 1447 H.
Menurut Agung, ada dua agenda utama yang dibahas dalam rapat tersebut. Yakni, stabilisasi harga dan pasokan pangan selama Ramadan dan Lebaran, serta persiapan optimalisasi penyerapan gabah petani menjelang musim panen Maret mendatang.
""Untuk stok beras yang dikuasai Bulog Cabang Tegal saat ini mencapai 61 ribu ton. Sehingga sangat mencukupi untuk kebutuhan stabilisasi pasokan dan harga pangan (SPHP),"" katanya.
Menurut Agung, untuk SPHP tetap berjalan, baik ke pasar, pengecer, maupun melalui gerakan pangan murah. Selain SPHP, beras tersebut juga disiapkan untuk program bantuan pangan yang akan segera disalurkan setelah petunjuk teknis diterbitkan.
Selanjutnya, kata Agung, untuk minyak goreng, saat ini tersedia sekitar 272 ribu liter minyak. Sementara sejak awal Januari hingga sekarang telah disalurkan sekitar 500 ribu liter ke pedagang pengecer.
""Untuk pasokan dari produsen berjalan lancar karena adanya penugasan pemerintah. Di mana sekitar 35 persen produksi minyak goreng wajib disalurkan melalui BUMN,"" ujarnya.
Terkait bantuan pangan, jumlah penerima di wilayah Tegal mengalami peningkatan signifikan, dari sekitar 600 ribu menjadi satu juta penerima.
Setiap penerima akan memperoleh 20 kilogram beras dan 4 liter minyak goreng untuk dua bulan alokasi. Total komoditas yang disiapkan mencapai sekitar 20 ribu ton beras dan 4 juta liter minyak goreng.
Selain menjaga stabilitas pasokan, Bulog Tegal juga bersiap menyerap gabah kering panen (GKP) petani dengan harga Rp6.500 per kilogram. Itu, dilakukan dengan bersinergi dengan TNI melalui Babinsa dan Dinas Pertanian, untuk memetakan lokasi panen agar penyerapan dapat optimal.

Wakil Dirut Bulog Marga Taufiq menggelar rapat koordinasi stabilisasi pasokan harga pangan di Kantor Bulg Tegal, Senin (23/02/26)
Gabah yang diserap nantinya akan digiling melalui mitra penggilingan, lalu beras hasilnya disimpan kembali di gudang Bulog sebagai Cadangan Beras Pemerintah (CBP).
Cadangan beras tersebut juga dimanfaatkan untuk penanganan bencana. Sejumlah daerah seperti Kota Pekalongan, Kabupaten Pekalongan, Kabupaten Pemalang, dan Kabupaten Tegal telah mengajukan penggunaan CBP dan telah mendapat persetujuan dari Badan Pangan Nasional (Bapanas).
""Penyaluran tahap pertama di Kota Pekalongan mencapai 12 ton dan tahap kedua 52 ton, sementara Kabupaten Pekalongan 9 ton, Kabupaten Pemalang 13 ton, dan Kabupaten Tegal 12 ton,"" ungkap Agung.
Sementara itu, Wakil Direktur Utama Bulog, Marga Taufik, bersama dinas terkait, Satgas Pangan Polres, dan Kodim melakukan pemantauan harga di pasar tradisional maupun ritel modern di Kota Tegal, Selasa (24/02/26).
Hasil monitoring menunjukkan harga masih sesuai dengan Harga Eceran Tertinggi (HET), yakni beras medium Rp13.500 per kilogram, beras premium Rp14.900 per kilogram, dan minyak goreng Rp15.700 per liter.
""Dengan kolaborasi lintas sektor, Bulog optimistis stabilitas harga dan pasokan pangan di wilayah Tegal dan sekitarnya tetap terjaga hingga Lebaran,"" pungkas Agung.",berita tegal terbaru | berita tegal hari ini | berita tegal | kota | tegal
"14.196 Batang Rokok Ilegal Disita di Tegal, Petugas Gabungan Periksa Terduga Pengedar","Selasa 24-02-2026,16:00 WIB",https://radartegal.disway.id/lokal/read/723104/14196-batang-rokok-ilegal-disita-di-tegal-petugas-gabungan-periksa-terduga-pengedar,"ILEGAL- Tim gabungan Satpol PP dan Bea Cukai Tegal sita 14.196 batang rokok ilegal di Tegal Selatan dan Tegal Timur dalam operasi Senin malam.-K. Anam Syahmadani-
TEGAL, radartegal.com- Sinergi pemberantasan barang kena cukai ilegal di Kota Tegal terus diperketat. Dalam operasi gabungan yang digelar Senin malam 23 Februari 2026, tim gabungan berhasil mengamankan sedikitnya 14.196 batang rokok ilegal dari dua titik distribusi berbeda.
Operasi bersama ini melibatkan personel dari Satpol PP Provinsi Jawa Tengah, Satpol PP Kota Tegal, dan Bea Cukai Tegal. Langkah ini merupakan implementasi UU RI No. 39 Tahun 2007 tentang Perubahan atas UU No. 11 Tahun 1995 tentang Cukai.
Kepala Satpol PP Kota Tegal Budio Pradibto mengonfirmasi bahwa penindakan ini dilakukan setelah tim pengumpul informasi mendeteksi adanya aktivitas jual beli rokok tanpa pita cukai yang sah.
Tim dibagi menjadi dua kelompok untuk menyasar target secara serentak pada pukul 20.00 WIB:
“Total rokok ilegal yang kami amankan dari dua lokasi tersebut mencapai 14.196 batang,” jelas Budio Pradibto.
Seluruh barang bukti beserta terduga pengedar telah dibawa ke Kantor Bea Cukai Tegal untuk pemeriksaan intensif dan proses hukum lebih lanjut.
Pemerintah Kota Tegal menegaskan bahwa operasi ini bertujuan untuk menekan kerugian negara akibat peredaran barang ilegal serta menciptakan persaingan usaha yang sehat di wilayah Tegal. Peredaran rokok ilegal tidak hanya melanggar hukum, tetapi juga merugikan penerimaan dana bagi hasil cukai hasil tembakau (DBHCHT) yang bermanfaat untuk pembangunan daerah.",dbhcht | tegal selatan | tegal timur | petugas gabungan | kota tegal | barang ilegal | rokok ilegal | tegal | bea cukai
"16 Desa di Petarukan Pemalang Bakal Gelar Pilkades 2026, Kecamatan Bentuk Tim Fasilitasi dan Pengawas","Selasa 24-02-2026,12:56 WIB",https://radartegal.disway.id/lokal/read/723100/16-desa-di-petarukan-pemalang-bakal-gelar-pilkades-2026-kecamatan-bentuk-tim-fasilitasi-dan-pengawas,"Kegiatan partisipasi masyarakat dalam pelaksanaan pemilihan kepala desa serentak tahun 2026 di Kecamatan Petarukan
PETARUKAN, radartegal.com- Pemerintah Kecamatan PETARUKAN, Kabupaten Pemalang, mulai mematangkan berbagai persiapan menjelang pelaksanaan pemilihan kepala desa (Pilkades) serentak tahun 2026. Hal tersebut disampaikan Camat PETARUKAN Muhibin, kepada wartawan, Selasa, 24 Februari 2026.
Muhibin mengatakan, pemerintah kecamatan telah melakukan sejumlah langkah awal guna memastikan seluruh tahapan Pilkades dapat berjalan lancar sesuai jadwal. Salah satu upaya yang dilakukan adalah pemetaan desa serta sosialisasi terkait tahapan pemilihan yang direncanakan dimulai pada Juni 2026 mendatang.
Menurutnya, sosialisasi tersebut penting agar pemerintah desa, panitia, maupun masyarakat memahami proses, aturan, serta jadwal pelaksanaan Pilkades sejak dini. Dengan demikian, potensi kesalahan administrasi maupun konflik dapat diminimalkan.
""Sosialisasi ini tidak hanya dilakukan sekali, tetapi akan dilanjutkan secara bertahap di tiap desa yang akan menyelenggarakan pemilihan,"" katanya.
Selain itu, pihak kecamatan juga telah membentuk tim fasilitasi yang bertugas mendampingi desa dalam pelaksanaan tahapan Pilkades, termasuk membantu koordinasi administrasi dan teknis. Tidak hanya itu, tim pengawas dari kecamatan juga sudah disiapkan untuk memastikan seluruh proses berjalan sesuai ketentuan dan tetap kondusif.
Muhibin mengungkapkan bahwa dari total 19 desa di wilayah Petarukan, sebanyak 16 desa dijadwalkan mengikuti Pilkades serentak tahun 2026.
""Harapannya seluruh elemen masyarakat dapat ikut menjaga ketertiban serta berpartisipasi aktif dalam proses demokrasi di tingkat desa, sehingga Pilkades serentak 2026 dapat berjalan lancar, aman, dan menghasilkan pemimpin desa yang benar-benar dipilih oleh masyarakat,"" pungkasnya.",pemimpin desa | petarukan | pilkades | administrasi | pemalang | sosialisasi
"Abrasi Pantai Purwahamba Tegal Menggila, Camat Mediasi Warga dan Perusahaan Galangan Kapal","Selasa 24-02-2026,08:12 WIB",https://radartegal.disway.id/lokal/read/723097/abrasi-pantai-purwahamba-tegal-menggila-camat-mediasi-warga-dan-perusahaan-galangan-kapal,"MEDIASI - Camat Suradadi dan Anggota DPRD Kabupaten Tegal Bakhrun serta unsur Forkopimcam saat melakukan mediasi antara warga dengan PT SMU, di Pendopo Kantor Kecamatan Suradadi, Senin (23/2/2026).-Yeri Noveli/Radar Tegal Grup-
SURADADI, radartegal.com – Guna mencari titik terang soal abrasi pantai Purwahamba Tegal yang kian menggila, Camat Suradadi mediasi warga dengan perusahaan galangan kapal PT Samugara Multikarya Utama (SMU). Mediasi berlangsung di Pendopo Kantor Kecamatan Suradadi, Senin, 23 Februari 2026.
Mediasi antara warga Dukuh Pandan Laut RT 02 RW 01 Desa Purwahamba, Kecamatan Suradadi, Kabupaten Tegal, dengan PT SMU digelar lantaran mencuat kabar bahwa abrasi diduga kian parah karena keberadaan perusahaan galangan kapal tersebut.
Mediasi dipimpin langsung Camat Suradadi, Aji Wiratno. Hadir dalam forum tersebut anggota DPRD Kabupaten Tegal H. Bakhrun, perwakilan Koramil dan Polsek, dinas terkait, Kepala Desa Purwahamba, Hasim, warga terdampak, hingga Direktur PT SMU Tegal, Shobhi.
Dalam mediasi, warga datang dengan satu tuntutan tegas: perusahaan galangan kapal itu diminta bertanggung jawab atas abrasi yang kian menggila dan merusak permukiman mereka.
Mualif, warga RT 02 RW 01 Desa Purwahamba peserta mediasi mengungkapkan, sejak galangan kapal yang berada di sisi barat Dukuh Pandan Laut beroperasi, abrasi menjadi semakin parah dari tahun ke tahun.
“Dulu daratan ke arah utara itu sampai 50 meter, panjangnya sekitar 200 meter. Sekarang habis terkikis. Tahun ini yang paling parah. Satu rumah sudah hancur, dua lagi terancam. Bibir laut sudah tidak ada jarak,” keluhnya.
Ia memperingatkan, jika tidak ada penanganan serius, puluhan rumah warga di RW 01 bisa rata dengan tanah. Warga pun mendesak pembangunan breakwater atau pemecah gelombang di sepanjang kawasan permukiman.
Tak hanya itu, warga juga menyoroti aktivitas pengerukan pasir di sekitar galangan kapal.
Kepala Desa Purwahamba, Hasim, menjelaskan bahwa saat kapal hendak dinaikkan ke darat, pasir di bibir pantai dikeruk agar tidak dangkal.
“Kalau mau angkat kapal, pasir dikeruk. Kedalamannya bisa sekitar 4 meter, lebarnya 15 meter,” tegas Hasim.

MEDIASI - Camat Suradadi dan Anggota DPRD Kabupaten Tegal Bakhrun serta unsur Forkopimcam saat melakukan mediasi antara warga dengan PT SMU, di Pendopo Kantor Kecamatan Suradadi, Senin (23/2/2026).-Yeri Noveli/Radar Tegal Grup-
Selain pengerukan, keberadaan breakwater di kawasan dok kapal juga diduga memecah gelombang dan mengalihkan hantaman ombak ke sisi timur, tepat ke arah permukiman warga dan kawasan wisata Purwahamba Indah (Purin). Jarak abrasi dengan kawasan wisata itu sekitar 100 meter.
Daratan sepanjang kurang lebih 200 meter dengan lebar mencapai 50 meter dilaporkan hilang. Sekitar 10 rumah kini berada di zona rawan.
“Perusahaan itu berdiri delapan tahun lalu. Tapi baru kali ini rumah sampai ambruk karena daratan ratusan meter sudah hilang,” tandas Hasim.
Direktur PT SMU Tegal, Shobhi, mengaku prihatin atas musibah abrasi yang menimpa warga Pandan Laut. Namun ia menyebut abrasi di wilayah tersebut sebenarnya sudah terjadi sejak sekitar 20 tahun lalu.
“Memang sekarang perusahaan kami diasumsikan sebagai penyebabnya. Kalau memang nanti terbukti itu kesalahan kami, kami siap membantu mencegah abrasi. Tapi kita menunggu kajian dari dinas terkait dulu,” ujarnya.
Ia juga membantah bahwa pengerukan pasir dilakukan setiap hari. Menurutnya, pengerukan hanya dilakukan saat ada sedimentasi atau ketika kapal akan dinaikkan dan diturunkan.
“Tidak setiap hari. Itu dilakukan sesuai kebutuhan operasional,” jelasnya.
Perusahaan yang beroperasi sejak 2017 itu, lanjut Shobhi, memprioritaskan tenaga kerja dari Tegal dan Jawa Tengah dengan standar kompetensi tertentu.
Anggota DPRD Kabupaten Tegal, H. Bakhrun, mendesak agar dinas terkait bergerak cepat. Ia meminta pembangunan breakwater segera direalisasikan, baik di Dukuh Pandan Laut maupun di sekitar kawasan wisata Purwahamba Indah.
“Kita minta dinas segera turun, lakukan kajian secepatnya. Jangan berlarut-larut. Warga butuh kepastian dan perlindungan,” tegasnya.

MEDIASI - Camat Suradadi dan Anggota DPRD Kabupaten Tegal Bakhrun serta unsur Forkopimcam saat melakukan mediasi antara warga dengan PT SMU, di Pendopo Kantor Kecamatan Suradadi, Senin (23/2/2026).-Yeri Noveli/Radar Tegal Grup-
Bakhrun juga mengapresiasi sikap kooperatif PT SMU yang siap bertanggung jawab jika hasil kajian menyatakan abrasi dipicu aktivitas perusahaan.
""Jika hasil kajian menunjukkan bahwa penyebab abrasi karena galangan kapal itu, maka pihak perusahaan harus bertanggungjawab,"" cetusnya.
Camat Suradadi, Aji Wiratno, menegaskan hasil mediasi menyepakati bahwa dinas terkait akan segera melakukan kajian teknis. Targetnya, hasil kajian sudah keluar dalam waktu maksimal tujuh hari.
“Kalau hasil kajian menyebutkan abrasi disebabkan oleh aktivitas PT SMU, maka perusahaan harus siap bertanggung jawab. Prinsipnya, semua sepakat mencari solusi terbaik,” ujarnya.
Ia juga mengimbau masyarakat tetap tenang dan menjaga kondusivitas wilayah sambil menunggu hasil kajian.
Sementara itu, warga mengaku sebenarnya sudah mengusulkan pembangunan breakwater sejak lima tahun lalu kepada pemerintah daerah. Namun hingga kini belum terealisasi.",dukuh pandan laut | pt smu | pantai purwahamba | abrasi | kabupaten tegal
"Puasa, Polisi di Pemalang Turun ke Jalan Bagikan Takjil dan Pesan Keselamatan","Senin 23-02-2026,20:35 WIB",https://radartegal.disway.id/lokal/read/723093/puasa-polisi-di-pemalang-turun-ke-jalan-bagikan-takjil-dan-pesan-keselamatan,"Aksi sosial Polsek Petarukan bersama Bayangkari ranting Petarukan bagikan takjil
PEMALANG, radartegal.com - Polisi di Pemalang dari Jajaran Kepolisian Sektor (Polsek) Petarukan menggelar aksi sosial. Dengan membagikan takjil kepada pengguna jalan yang melintas di depan Mapolsek Senin sore 23 Februari 2026.
Kegiatan dipimpin langsung Kapolsek Petarukan AKP Amroni. Pembagian dilakukan sebagai bentuk kepedulian polisi kepada masyarakat, khususnya di bulan Ramadan.
Sejumlah anggota polisi dan Bayangkari tampak turun langsung ke tepi jalan membagikan takjil kepada pengguna jalan yang melintas. Kapolsek AKP Amroni mengatakan kegiatan ini merupakan bagian dari upaya mendekatkan kepolisian dengan masyarakat sekaligus memperkuat nilai kepedulian sosial di tengah bulan suci.
Menurutnya, Ramadan menjadi momentum tepat untuk menumbuhkan kebersamaan antara aparat dan warga.
""Melalui kegiatan berbagi takjil ini, kami ingin menunjukkan bahwa polisi tidak hanya bertugas menjaga keamanan, tetapi juga hadir untuk berbagi dan membantu masyarakat. Semoga ini bisa bermanfaat bagi warga yang masih di perjalanan saat waktu berbuka tiba,"" ucapnya.
Ia menambahkan, pembagian takjil juga menjadi sarana membangun komunikasi yang lebih humanis antara polisi dan masyarakat. Dengan turun langsung ke jalan, lanjut dia, anggota kepolisian dapat menyapa warga sekaligus menyampaikan pesan tentang keselamatan berlalu lintas.
""Selain membagikan takjil jajaran Polsek Petarukan juga mengingatkan masyarakat untuk tetap menjaga ketertiban dan keamanan selama Ramadan, termasuk berhati-hati saat berkendara menjelang berbuka yang biasanya arus lalu lintas meningkat,"" tukasnya.
Ia berharap dengan aksi sosial ini hubungan antara kepolisian dan masyarakat semakin erat serta mampu menciptakan situasi kamtibmas yang kondusif di wilayah Petarukan dan sekitarnya.",polsek petarukan | petarukan | ramadan
"Tanah Bergerak di Kajen Tegal: 56 Rumah Rusak, Warga Terancam Gerusan Sungai Gung","Senin 23-02-2026,20:22 WIB",https://radartegal.disway.id/lokal/read/723092/tanah-bergerak-di-kajen-tegal-56-rumah-rusak-warga-terancam-gerusan-sungai-gung,"AMBRUK – Kondisi rumah warga yang ambruk akibat tanah bergerak dan gerusan Sungai Gung di Desa Kajen, Kecamatan Lebaksiu, Kabupaten Tegal, Minggu 22 Februari 2026 sore.-Yeri Noveli-
LEBAKSIU, radartegal.com– Ketentraman warga Dukuh Belimbing RW 09, Desa Kajen, Kecamatan LEBAKSIU, Kabupaten Tegal, kini sirna.
Setiap kali hujan turun, kecemasan melanda karena ancaman tanah bergerak dan gerusan Sungai Gung yang kian ganas.
Daratan yang dulunya luas kini perlahan lenyap ditelan arus.
Ketua RW 09 Desa Kajen Muhajir, mengungkapkan bahwa kondisi tahun ini adalah yang terparah sejak fenomena ini pertama kali muncul pada 1995. Pergeseran tanah telah menghilangkan daratan yang sebelumnya menjadi pembatas pemukiman.
“Dulu jarak rumah ke Sungai Gung sekitar 100 meter, sekarang sudah tidak ada jarak. Rumah-rumah di tepi sungai sudah hancur,” ujar Muhajir saat ditemui di lokasi, Minggu 22 Februari 2026.
Selain hilangnya daratan, kedalaman tebing sungai kini mencapai 40 meter, melonjak drastis dari yang dulunya hanya 5 meter. Saat debit air meningkat, arus sungai menghantam dinding tanah dengan kekuatan penuh, memicu longsor yang tak terhindarkan.
Berdasarkan data terbaru di lapangan, dampak bencana tanah bergerak di Desa Kajen meliputi:
“Kalau hujan deras, kami tidak bisa tidur. Waswas terus, takut tiba-tiba tanah ambles,” tambah Muhajir.
Saat ini, sebagian besar warga telah mengungsi ke posko darurat atau rumah kerabat.
Menanggapi bencana yang sudah berlangsung selama tiga pekan ini, Pemerintah Kabupaten Tegal bergerak cepat. Bupati Tegal telah meninjau lokasi dan memastikan para korban akan direlokasi ke Hunian Tetap (Huntap) di Griya Slawi Ayu.

AMBRUK – Kondisi rumah warga yang ambruk akibat tanah bergerak dan gerusan Sungai Gung di Desa Kajen, Kecamatan Lebaksiu, Kabupaten Tegal, Minggu 22 Februari 2026 sore.-Yeri Noveli-
Lokasi Huntap ini berjarak sekitar dua kilometer dari titik bencana dan dinilai jauh lebih aman.
""Warga tidak dipungut biaya. Tinggal masuk dan langsung terima kunci,"" jelas Muhajir mengapresiasi langkah cepat pemerintah.
Prio (47), salah satu warga RT 03 RW 09, terpaksa masih bertahan di rumahnya yang sudah miring. Jarak dinding rumahnya dengan bibir sungai kini hanya tersisa tujuh meter.
“Kalau hujan, tanah bergerak dan rumah bunyi seperti mau ambruk,” tutur Prio. Ia berharap proses pemindahan ke Huntap segera terealisasi demi keamanan istri dan empat anaknya.",desa kajen | sungai gung | lebaksiu | tanah bergerak | kabupaten tegal | bencana | bencana alam
"Selamatkan Hutan, Presidium Gunung Slamet Audiensi ke DPRD Brebes","Senin 23-02-2026,16:04 WIB",https://radartegal.disway.id/lokal/read/723087/selamatkan-hutan-presidium-gunung-slamet-audiensi-ke-dprd-brebes,"Komisi III DPRD Brebes menerima audensi dengan Presidium Gunung Slamet Menjadi Taman Nasional, Senin 22 Februari 2026. (Istimewa)
BREBES, radartegal.com - Komisi III DPRD BREBES menerima audiensi dari Presidium Gunung Slamet Menjadi Taman Nasional, Senin 22 Februari 2026. audiensi dipimpin langsung oleh Ketua Komisi III Achmad Mafrukhi didampingi Anggota Komisi III Haryanto.
Andi R selaku koordinator rombongan mengatakan, data yang berhasil dihimpun luasan lahan kawasan Gunung Slamet mencapai kurang lebih 31.366 Hektar (Ha). Sementara untuk pengelolaan, Perhutani seluas kurang lebih 10 Ha, Kawasan Hutan Dengan Pengelolaan Khusus (KHDPK) atau perhutanan sosial kurang lebih 30.378 Ha (perlu verifikasi ulang sinkronisasi data total dengan sub-data).
Sedangkan Cagar Alam kurang lebih 56 Ha dan kawasan lindung kurang lebih 30 Ha.
""Dengan kondisi tersebut kami berharap ada perhatian dari pemerintah dalam menjaga kelestarian hutan di Gunung Slamet. Jangan sampai, anak cucu kita nantinya tidak merasakan keberadaan hutan Gunung Slamet ini,"" ujarnya.
Selain itu, pihaknya juga meminta kepada pemerintah untuk serius dalam mendukung pengusulan Gunung Slamet menjadi taman nasional.
Data yang yang diterima juga menyebutkan, data dari Dinas Kehutanan Kabupaten Tegal total ada 48 Ha lahan yang alami kerusakan. Di Brebes ada 120 Ha.
Adanya kerusakan hutan ini harus diantisipasi agar tidak mengurangi keberadaan hutan di Gunung Slamet.
""Jadi yang ada saat ini jangan sampai rusak, mari kita jaga bersama. Kalau sudah rusak, perlu ratusan tahun untuk memulainya lagi,"" dia menerangkan.
Usai menerima audiensi, Ketua Komisi III DPRD Brebes Achmad Mafrukhi mengatakan, pihaknya akan mengawal usulan dari Presidium Gunung Slamet Menjadi Taman Nasional dalam menjaga kelestarian hutan di Kabupaten Brebes.
""Tentu kita menyambut baik adanya audiensi ini. Dan kami akan mengawal dari usulan mereka dalam menjaga kelestarian hutan di sekitar Gunung Slamet,"" singkat Politisi Partai Golkar ini.",gunung slamet | perhutani | audiensi | taman nasional | kabupaten tegal | dinas kehutanan | brebes | dprd
"Longsor Terjang Majalangu Watukumpul Pemalang, 2 Rumah Rusak Berat, Warga Mengungsi","Senin 23-02-2026,10:00 WIB",https://radartegal.disway.id/lokal/read/723081/longsor-terjang-majalangu-watukumpul-pemalang-2-rumah-rusak-berat-warga-mengungsi,"Material longsor di Desa Majalangu mengenai rumah warga
WATUKUMPUL, radartegal.com - Tanah longsor kembali terjadi di wilayah Kecamatan Watukumpul, Kabupaten Pemalang, Jawa Tengah. Kali ini bencana longsor terjadi di Desa Majalangu, pada Minggu, 22 Februari 2026, sekitar pukul 17.00 WIB.
Peristiwa longsor itu dibenarkan Camat Watukumpul Arief Rachman Hakim. Ia mengatakan Longsor dipicu hujan deras dengan intensitas tinggi yang mengguyur wilayah Watukumpul sejak siang hari.
Menurutnya, longsor di Desa Majalangu terjadi di dua lokasi, yakni di Dusun Krajan RT 007 RW 001 dan Dusun Pekuncen RT 008 RW 007.
""Ya benar, hujan yang berlangsung cukup lama kondisi tanah menjadi labil, terutama di area lereng dekat permukiman warga,"" kata Arief kepada Radar Tegal, Senin 21 Februari 2026.
Arief menyebut, akibat kejadian tersebut, dua rumah warga dilaporkan mengalami kerusakan berat. Meski demikian, tidak ada korban jiwa dalam peristiwa ini.
""Ada dua kepala keluarga yang terpaksa mengungsi ke tempat yang lebih aman untuk sementara waktu,"" ujarnya.
Berdasarkan pendataan sementara, total kerugian materi akibat bencana tersebut diperkirakan mencapai Rp12 juta. Nilai tersebut masih bersifat sementara dan dapat berubah sesuai hasil pendataan lanjutan di lapangan.
Pemerintah desa bersama warga dan relawan telah mengevakuasi warga terdampak, melakukan kerja bakti membersihkan material longsor, serta mendata kerusakan dan kebutuhan mendesak masyarakat.",desa majalangu | kecamatan watukumpul | kabupaten tegal | tanah longsor
TNI Bangun Jembatan Bailey dan Armco untuk Percepat Pemulihan Pascabanjir Bandang Pulosari Pemalang,"Senin 23-02-2026,09:13 WIB",https://radartegal.disway.id/lokal/read/723080/tni-bangun-jembatan-bailey-dan-armco-untuk-percepat-pemulihan-pascabanjir-bandang-pulosari-pemalang,"PULOSARI, radartegal.com – Jembatan bailey dan armco dibangun untuk percepat pemulihan pascabanjir bandang melanda Kecamatan Pulosari Kabupaten Pemalang. Pembangunan dilakukan oleh TNI Kodim 0711 Pemalang melalui kegiatan karya bakti, Minggu, 22 Februari 2026.
Pembangunan jembatan bailey dan armco di wilayah Kecamatan Pulosari, Kabupaten Pemalang pascabanjir bandang ini, dipimpin langsung oleh Danramil 13 Pulosari, Kapten Inf Nurma Firdous.
Jembatan bailey dibangun di Dukuh Krajan Kali Comal dan Dukuh Sigeblog, Desa Penakir, Sungai Gintung Dukuh Wanasari. Adapun pembangunan jembatan armco dilaksanakan di Sungai Gintung Dukuh Sawangan dan Sungai Gesing Dukuh Sawangan, Desa Penakir.
Pembangunan jembatan ini dilakukan sebagai respons atas terputusnya akses penghubung antarwilayah akibat bencana banjir bandang yang terjadi pada, Jumat 24 Januari 2026 lalu.
Kapten Inf Nurma menyampaikan bahwa karya bakti ini merupakan bentuk nyata kepedulian TNI AD terhadap kesulitan masyarakat di wilayah binaan.
“Kegiatan ini adalah wujud kemanunggalan TNI dengan rakyat. Kami berupaya membantu percepatan pemulihan infrastruktur agar aktivitas masyarakat kembali normal, terutama akses ekonomi, pendidikan, dan kebutuhan sehari-hari,” ujarnya.
Ia menjelaskan, pemasangan jembatan bailey dan rrmco dipilih karena konstruksinya yang kuat serta proses pengerjaannya relatif cepat, sehingga sangat efektif untuk penanganan darurat pascabencana.
""Sinergi antara TNI, pemerintah desa, dinas terkait, teknisi, dan masyarakat menjadi kekuatan utama dalam menyelesaikan pembangunan ini. Harapan kami, jembatan ini dapat dimanfaatkan dengan baik dan dirawat bersama,"" tambahnya.
Sementara itu, Kepala Desa Pulosari, Agus menyampaikan apresiasi dan terima kasih kepada Kodim 0711 Pemalang beserta seluruh pihak yang telah membantu pembangunan jembatan tersebut.
Menurutnya, akses tersebut sangat vital bagi mobilitas warga antar desa, terutama untuk kegiatan pertanian dan aktivitas ekonomi masyarakat.

Melalui kegiatan karya bakti ini, Kodim 0711 Pemalang kembali menegaskan komitmennya untuk hadir di tengah masyarakat, membantu mengatasi kesulitan rakyat, sekaligus memperkuat semangat gotong royong dalam pemulihan pascabencana di wilayah Kabupaten Pemalang.",jembatan armco | kodim 0711 | kecamatan pulosari | kabupaten pemalang | jembatan bailey | pascabanjir
Perdana! Camat Belik Pemalang Tarhim di Mushola Baitul Hidayah Sodong Basari,"Minggu 22-02-2026,11:22 WIB",https://radartegal.disway.id/lokal/read/723072/perdana-camat-belik-pemalang-tarhim-di-mushola-baitul-hidayah-sodong-basari,"BELIK, radartegal.com– Camat BELIK Slamet Edy Riyanto SE,MM melaksanakan kegiatan Tarawih dan Silaturahim (Tarhim) perdana di Mushola Baitul Hidayah, Desa Sodong Basari, Kecamatan BELIK, Sabtu 21 Februari 2026. Kegiatan ini menjadi momentum awal Safari Ramadhan Pemerintah Kecamatan BELIK di bulan suci Ramadhan 1447 H.
Dalam kegiatan tersebut, Camat Belik didampingi oleh jajaran pejabat struktural kecamatan, yakni Kasi Trantib Bambang Martono S.IP MM, Kasi Pemberdayaan Masyarakat Desa Suparto SE, Kasi Pelayanan Nur Dwi Pujiyanto SKM,M.SI serta Kasi Tata Pemerintahan Suwarno SH.
Kehadiran rombongan disambut hangat oleh perangkat desa, pengurus mushola, tokoh agama, dan masyarakat setempat.
Dalam sambutannya, Camat Belik Slamet Edy Riyanto SE,MM menyampaikan bahwa kegiatan Tarhim bukan sekadar ibadah bersama, tetapi juga sebagai sarana mempererat silaturahmi antara pemerintah kecamatan dengan masyarakat.
""Momentum Ramadan ini menjadi waktu yang tepat untuk memperkuat ukhuwah, mempererat kebersamaan, sekaligus menyerap aspirasi masyarakat secara langsung,"" ujarnya.
Camat juga mengajak seluruh masyarakat untuk menjaga kondusivitas wilayah selama bulan Ramadan, meningkatkan kepedulian sosial, serta memakmurkan tempat ibadah. Selain itu berbijaklah dalam media sosial, karena sekarang hampir semua orang sudah ketergantungan bermain handphone.
Sementara itu, Pengurus Mushola Baitul Hidayah Ustad Nasofi menyampaikan apresiasi atas kunjungan perdana camat Belik beserta jajaran. Mereka berharap kegiatan seperti ini dapat terus berlanjut sebagai bentuk perhatian dan kedekatan pemerintah dengan warga.
Kegiatan Tarhim diakhiri dengan dialog ringan antara Camat Belik dan warga, membahas berbagai hal terkait pembangunan dan pelayanan masyarakat di Desa Sodong Basari.",tarhim | sodong basari | belik | pelayanan masyarakat | pemalang | ramadan
Korban Puting Beliung di Purwoharjo Comal Terima Bantuan,"Minggu 22-02-2026,10:00 WIB",https://radartegal.disway.id/lokal/read/723071/korban-puting-beliung-di-purwoharjo-comal-terima-bantuan,"COMAL, radartegal.com – Korban angin puting beling di Kelurahan Purwoharjo, Kecamatan Comal, Kabupaten Pemalang terima bantuan, Sabtu, 21 Februari 2026. bantuan diserahkan langsung Wakil Bupati Pemalang Nurkholes.
Penyerahan bantuan korban puting beliung di Purwoharjo, disaksikan Camat Comal Muchammad Maksum, Lurah Purwoharjo Sugeng Sugiharto, PMI Kecamatan Comal, TKSK dan PKH. Bencana puting beling di wilayah tersebut terjadi pada, Kamis, 19 Februari 2026.
Kehadiran Wakil Bupat Nurkholes tersebut sebagai bentuk kepedulian dan respon cepat Pemerintah Kabupaten Pemalang terhadap warga yang rumahnya rusak akibat terjangan angin kencang.
Dalam kesempatan itu Wakil Bupati Nurkholes menyerahkan bantuan secara langsung kepada sejumlah warga yang rumahnya mengalami kerusakan, baik ringan maupun sedang. Bantuan berasal dari PMI dan BPBD Kabupaten Pemalang.
Selain itu meninjau beberapa titik lokasi terdampak untuk memastikan kondisi warga serta kebutuhan mendesak yang diperlukan. Ia juga berdialog dengan masyarakat guna mendengarkan langsung keluhan serta harapan mereka pascabencana.
""Pemerintah hadir untuk masyarakat. Kami akan berupaya semaksimal mungkin agar warga yang terdampak segera mendapatkan penanganan dan bantuan yang dibutuhkan,"" ujar Wakil Bupati.
Camat Comal Muchammad Maksum menyampaikan apresiasi atas perhatian dan langkah cepat dari Pemerintah Kabupaten Pemalang Wakil Bupati Nurkholes yang turun langsung menyerahkan bantuan kepada warga terdampak.
Menurutnya, kehadiran pimpinan daerah memberikan semangat dan motivasi bagi masyarakat untuk bangkit kembali.
""Kami turut prihatin atas musibah yang dialami warga Purwoharjo. Alhamdulillah tidak ada korban jiwa. Kami mengimbau masyarakat agar tetap waspada, terutama saat terjadi hujan deras disertai angin kencang,"" ujarnya.
Maksum berharap sinergi antara pemerintah daerah, kecamatan, kelurahan, dan masyarakat terus terjalin dengan baik dalam menghadapi berbagai potensi bencana ke depan.

Untuk diketahui, angin puting beliung yang melanda wilayah Purwoharjo menyebabkan sejumlah rumah mengalami kerusakan pada bagian atap dan dinding. Tidak ada korban jiwa dalam peristiwa tersebut, namun kerugian material ditaksir mencapai puluhan juta rupiah.
Pemerintah daerah mengimbau masyarakat untuk tetap waspada terhadap potensi cuaca ekstrem yang masih mungkin terjadi dalam beberapa waktu ke depan.",angin beliung | kelurahan purwoharjo | kecamatan comal | pemalang | korban | bantuan
"Masuk 6 Terbaik di Jateng, Pemalang Terima Collaborative Award 2026","Sabtu 21-02-2026,14:18 WIB",https://radartegal.disway.id/lokal/read/723061/masuk-6-terbaik-di-jateng-pemalang-terima-collaborative-award-2026,"Bupati Pemalang Anom Widiyantoro saat menerima penghargaan Collaborative Award 2026
PEMALANG, radartegal.com- Kabupaten PEMALANG kembali menorehkan capaian di tingkat provinsi dengan meraih Collaborative Award 2026 dari Pemerintah Provinsi Jawa Tengah. Penghargaan tersebut diserahkan langsung oleh Gubernur Ahmad Luthfi dalam rangka satu tahun kepemimpinannya bersama Wakil Gubernur Taj Yasin Maimoen periode 2025–2030 di Gedung Gradhika Bhakti Praja, Jumat 20 Februari 2026.
Penghargaan ini menjadi pengakuan atas upaya Pemerintah Kabupaten Pemalang dalam membangun kerja sama yang kuat dengan pemerintah provinsi, sekaligus menunjukkan bahwa sinergi lintas sektor mampu mempercepat pembangunan daerah. Pemalang tercatat sebagai salah satu dari enam kabupaten/kota lain yang dinilai berhasil menjalankan kolaborasi efektif sepanjang 2025, terutama dalam menyelaraskan program pembangunan antara pemerintah daerah, provinsi, dan masyarakat.
Bupati Pemalang Anom Widiyantoro menyampaikan rasa syukur atas penghargaan yang diterima daerahnya. Ia menilai capaian tersebut merupakan hasil kerja bersama antara pemerintah daerah, provinsi, dan masyarakat.
""Hari ini di Gradhika Bhakti Praja, tepat satu tahun kepemimpinan Pak Luthfi dan Pak Yasin, Kabupaten Pemalang mendapatkan Collaborative Award dari Pemerintah Provinsi Jawa Tengah bersama beberapa kabupaten lain. Saya mengucapkan terima kasih atas penghargaan ini,"" ucapnya.
Ia menambahkan, capaian tersebut merupakan bukti bahwa kerja bersama mampu memberikan dampak nyata bagi daerah.
Penghargaan ini, lanjut Anom, menjadi kebanggaan sekaligus motivasi bagi jajaran pemerintah daerah untuk terus meningkatkan kinerja pelayanan dan memperkuat kolaborasi lintas sektor.
""Ini menjadi penyemangat, menjadi tantangan, sekaligus simbol bahwa kita harus bekerja lebih keras lagi. Selamat untuk masyarakat dan juga Pemda Kabupaten Pemalang,"" tambahnya.
Bagi Kabupaten Pemalang, Collaborative Award 2026 ini menjadi momentum untuk memperkuat tata kelola pemerintahan berbasis kolaborasi antara pemerintah provinsi dan kabupaten/kota. Dengan sinergi yang semakin kuat, pembangunan daerah diharapkan lebih cepat, tepat sasaran, serta berdampak langsung pada peningkatan kesejahteraan masyarakat.
""Bagi Pemalang, penghargaan ini tidak hanya menjadi bentuk apresiasi, tetapi juga komitmen untuk terus memperkuat kerja sama lintas sektor demi pembangunan yang berkelanjutan,"" pungkasnya.",award 2026 | bupati anom | jateng | kerja sama | pemalang | kolaborasi | jawa tengah
Petasan dan Miras Oplosan di Tegal Jadi Sorotan Selama Ramadan Hingga Idul Fitri 2026,"Sabtu 21-02-2026,08:00 WIB",https://radartegal.disway.id/lokal/read/723058/petasan-dan-miras-oplosan-di-tegal-jadi-sorotan-selama-ramadan-hingga-idul-fitri-2026,"RAKOR - Kapolres Tegal Kota bersama Forkopimda rakor lintas sektor antisipasi peredaran petasan dan miras oplosan di Tegal selama Ramadan 2026.-istimewa-
TEGAL, radartegal.com - Peredaran petasan dan minuman keras (miras) oplosan di Kota Tegal jadi sorotan sepanjang Ramadan hingga Idul Fitri 2026. Hal ini mengemuka dalam Rapat Koordinasi Lintas Sektoral (Rakor Linsek) awal Ramadan 2026, yang digelar Polres Tegal Kota bersama Forkopimda, Jumat, 20 Februari 2026, di Gedung Deviacita Polres.
Kapolres Tegal Kota AKBP Heru Antariksa Cahya, mengatakan rakor digelar sebagai langkah antisipasi agar situasi kamtibmas selama Ramadan tetap aman dan kondusif.
“Kami sengaja melaksanakan rakor di awal Ramadan agar masyarakat dapat menjalankan ibadah dengan aman dan nyaman,"" ungkap Kapolres.
Belajar dari sejumlah kejadian di Jawa Tengah, sambung Kapolres, kasus petasan dan miras oplosan telah menimbulkan korban.
AKBP Heru menjelaskan, modus peredaran miras oplosan dan petasan kini memanfaatkan media sosial dan transaksi Cash on Delivery (COD).
Untuk itu, Polres Tegal Kota mengintensifkan upaya represif dan preventif melalui imbauan kamtibmas, patroli di jam rawan, serta Operasi Pekat dengan sasaran miras, petasan, premanisme, dan vandalisme.
“Kami tidak bisa bekerja sendiri. Sinergi dengan pemerintah daerah, TNI, dan seluruh elemen masyarakat sangat diperlukan untuk menjaga Kota Tegal tetap kondusif,” tegasnya.
Sementara itu, Wali Kota Tegal, Dedy Yon Supriyono, menekankan pentingnya menjaga kekhusyukan Ramadan dari potensi gangguan keamanan.
“Peredaran petasan dan miras oplosan adalah persoalan serius yang harus kita tangani bersama secara tegas dan terukur agar Ramadan dan Idul Fitri berlangsung aman, tertib, dan penuh kekhusyukan,” tandasnya sebagaimana dirilis Prokopim Pemkot Tegal.",polres tegal kota | miras oplosan | petasan | ramadan
"Antisipasi Peredaran Miras Oplosan dan Petasan di Tegal Selama Ramadan, Polisi Lakukan Hal Ini","Jumat 20-02-2026,19:15 WIB",https://radartegal.disway.id/lokal/read/723054/antisipasi-peredaran-miras-oplosan-dan-petasan-di-tegal-selama-ramadan-polisi-lakukan-hal-ini,"RAKOR - Kapolres Tegal Kota AKBP Heru Antariksa Cahya saat memimpin rakor linsek antisipasi Peredaran Miras Oplosan dan Petasan di bulan Ramadan
TEGAL, radartegal.com - Jajaran Polres TEGAL Kota menginisiasi rapat koordinasi lintas sektoral, Jumat, 20 Februari 2026 pagi. Itu, dilakukan sebagai upaya untuk mengantisipasi peredaran minuman keras (miras) oplosan dan petasan selama Ramadan di Kota TEGAL.
Rakor dipimpin langsung Kapolres Tegal Kota AKBP Heru Antariksa Cahya. Turut hadir dalam kegiatan, Wali Kota Tegal Dedy Yon Supriyono, Wakil Ketua DPRD Amirudin dan jajaran Forkopimda.
Dalam penyampaiannya, Kapolres Tegal Kota mengatakan beberapa hari terakhir, di wilayah Polda Jateng terdapat sejumlah kejadian menonjol terkait dengan petasan dan miras oplosan. Karenanya, pihaknya menginisasi rakor di awal untuk mengantisipasi kejadian itu.
""Melalui rakor ini, kita semua berharap agar tidak ada kejadian menonjol. Utamanya, terkait petasan dan miras oplosan,"" katanya.
Menurut Kapolres, jika melihat ke belakang, di Kota Tegal sendiri pernah terjadi kejadian yang menonjol. Seperti ledakan petasan pada 2016 di Kelurahan Kemandungan dan 2022 lalu di Kelurahan Keturen.
""Sementara terkait miras oplosan, juga pernah terjadi pada 2009 lalu. Di mana sejumlah orang meninggal dunia,"" jelasnya.
Terkait itu, kata Kapolres, pihaknya telah melakukan upaya preemtif, preventif dan penegakan hukum. Tindakan preemtif yakni dengan memberikan himbauan kepada masyarakat.
""Kemudian melakukan mitigasi, tatap muka dengan tokoh agama dan masyarakat. Kemudian dari sisi Preventif yakni kami menyebar anggota khususnya di jam-jam rawan pagi hari, penempatan personel, patroli dan lainnya,"" jelasnya.
Selanjutnya, imbuh Kapolres, dari sisi penegakan hukum, pihaknya secara rutin melakukan razia terhadap penyakit masyarakat. Tujuannya, untuk menciptakan suasana kondusif di wilayah Kota Tegal.
""Dalam melakukan upaya itu, kita tidak bisa sendiri. Sehingga, kita berharap kolaborasi dan sinergi bersama TNI, Pemkot, tokoh agama dan masyarakat,"" ujarnya.

RAKOR - Kapolres Tegal Kota AKBP Heru Antariksa Cahya saat memimpin rakor linsek antisipasi Peredaran Miras Oplosan dan Petasan di bulan Ramadan
Wali Kota Tegal Dedy Yon Supriyono mengungkapkan, permasalahan di Kota Bahari sangat kompleks, bukan hanya miras oplosan maupun petasan. Namun ada juga vandalisme, aksi tawuran.
""Selain itu, kita sebagai central City, maka pusat keramaian terjadi di Tegal. Utamanya pada H-15 dan H+30 lebaran,"" ujar Dedy Yon.
Menurutnya, di Kota Tegal ada 14 pasar tradisional, 6 pusat perbelanjaan besar, 2 pasar tumpah besar dan sejumlah obyek wisata. Pusat keramaian juga ada terdapat di Taman Pancasila, Balaikota Lawas, Alun-alun, Tegal Selatan GOR Wisanggeni.",berita tegal terbaru | berita tegal hari ini | berita tegal | kota tegal | tegal
"Update Terbaru Bencana Padasari Tegal, Monitoring dan Penanganan Diperketat","Jumat 20-02-2026,15:06 WIB",https://radartegal.disway.id/lokal/read/723050/update-terbaru-bencana-padasari-tegal-monitoring-dan-penanganan-diperketat,"EVAKUASI - Personel Polres Tegal terus bersinergi amankan barang warga korban bencana tanah bergerak Desa Padasari Tegal.-Hermas Purwadi-
SLAWI, radartegal.com— Jajaran Polres Tegal bersama TNI dan Pemerintah Kabupaten Tegal memperketat monitoring serta penanganan bencana tanah bergerak di Desa Padasari, Kecamatan Jatinegara. Memasuki periode 19–20 Februari 2026, fokus utama petugas adalah evakuasi warga dan pengamanan aset di lokasi terdampak.
Kapolres Tegal AKBP Bayu Prasatyo, S.H., S.I.K., M.H., menegaskan bahwa kehadiran personel Polri di lapangan bertujuan untuk memastikan keselamatan masyarakat sekaligus mencegah potensi tindak pidana di rumah-rumah yang ditinggalkan pengungsi bencana Padasari Tegal.
Berdasarkan pendataan terbaru hingga Jumat 20 Februari 2026, pergerakan tanah yang masih aktif telah berdampak signifikan pada infrastruktur di RW 01 hingga RW 04. Berikut rinciannya:
Saat ini, sebanyak 2.227 jiwa (726 KK) telah dievakuasi ke titik-titik aman. Lokasi pengungsian bencana Padasari Tegal tersebar mulai dari rumah kerabat, majelis taklim, sekolah, hingga pondok pesantren di desa sekitar yang lebih stabil.
Upaya Tanggap Darurat yang Sedang Berjalan:
""Kami mengimbau masyarakat untuk tetap waspada terhadap potensi pergerakan tanah susulan. Ikuti arahan petugas di lapangan demi keselamatan bersama,"" ujar AKBP Bayu Prasatyo.
Polres Tegal memastikan situasi di lokasi pengungsian bencana Padasari Tegal saat ini terpantau aman dan kondusif. Operasi tanggap darurat akan terus berlanjut hingga kondisi tanah dinyatakan stabil oleh pihak berwenang.",padasari | tanggap darurat | huntara | polres tegal | jatinegara | kabupaten tegal | evakuasi | pondok pesantren | bencana
"Hujan Terus Guyur Pemalang, BPBD Minta Warga Waspada Bencana Hidrometeorologi","Jumat 20-02-2026,11:14 WIB",https://radartegal.disway.id/lokal/read/723047/hujan-terus-guyur-pemalang-bpbd-minta-warga-waspada-bencana-hidrometeorologi,"Cuaca ekstrem masih melanda wilayah Kabupaten Pemalang
PEMALANG, radartegal.com- Cuaca ekstrem masih melanda wilayah Kabupaten PEMALANG yang dalam beberapa hari terakhir terus diguyur hujan, Jumat 20 Februari 2026.
Mengingat kondisi tersebut BPBD Pemalang mengimbau masyarakat agar meningkatkan kewaspadaan terhadap potensi bencana hidrometeorologi.
Kepala Pelaksana BPBD Pemalang Agus Ikmaludin, mengatakan warga yang tinggal di sekitar aliran sungai maupun wilayah dataran tinggi diminta untuk lebih berhati-hati.
""Dengan cuaca seperti ini, kami minta warga terus waspada, terutama yang rumahnya dekat sungai atau berada di wilayah perbukitan,"" katanya.
Ia menjelaskan, ancaman bencana yang perlu diantisipasi meliputi banjir di kawasan pesisir serta tanah longsor di wilayah Kabupaten Pemalang bagian selatan.
""Potensi terbesar tentu longsoran di daerah atas, sementara di wilayah pesisir berpotensi terjadi banjir,"" kata dia.
Menurutnya, untuk mengantisipasi kemungkinan hal tersebut terjadi, seluruh personel BPBD Pemalang saat ini disiagakan penuh.
""Saat ini personel kami siagakan 24 jam untuk merespons kondisi darurat,"" tukasnya.
Sebagai informasi, prakiraan cuaca dari BMKG, wilayah Pemalang diprediksi masih akan diguyur hujan sepanjang Februari, masyarakat diminta untuk terus memantau informasi resmi serta meningkatkan kesiapsiagaan di lingkungan masing-masing.
Seperti diketahui bersama Pemerintah Kabupaten Pemalang saat ini masih menetapkan status tanggap darurat bencana. Status tersebut berlaku hingga Sabtu 21 Februari 2026.",tanggap darurat | pemalang | cuaca | hujan | cuaca ekstrem | bencana | bpbd
"Sekolah di Warureja Tegal Terendam Banjir, DPRD Desak Pemkab Lakukan 2 Hal Penting Ini","Jumat 20-02-2026,10:04 WIB",https://radartegal.disway.id/lokal/read/723046/sekolah-di-warureja-tegal-terendam-banjir-dprd-desak-pemkab-lakukan-2-hal-penting-ini,"BERSIHKAN LUMPUR - KWK Dikbud Kecamatan Warureja Senin, saat membersihkan lumpur yang menumpuk di halaman SDN Sukareja 02 Warureja, Kabupaten Tegal, Selasa (17/2/2026). DPRD desa Pemkab lakukan dua hal ini untuk penganganan banjir di sekolah-sekolah di Wa-Yeri Noveli/Radar Tegal Grup-
WARUREJA, radartegal.com - Sekolah, mulai dari KB, TK hingga SD di wilayah Kecamatan WARUREJA Kabupaten Tegal terendam banjir. Satuan pendidikan yang paling parah terdampak banjir, adalah SDN Sukareja 02.
Anggota DPRD Kabupaten Tegal dari Fraksi PKS, H Bakhrun, turun langsung meninjau sekolah tersebut. Ia mengaku sangat prihatin melihat kondisi bangunan dan lingkungan sekolah yang masih dipenuhi lumpur dan sampah, meski air sudah surut.
“Ini sangat memprihatinkan. Lumpur masuk sampai ke sudut-sudut ruang kelas, ruang guru, bahkan musholah. Perlengkapan ibadah banyak yang terendam karena banjir datang begitu cepat,” kata Bakhrun, saat berkunjung ke SDN Sukareja 02.
Karpet musala, sajadah, sarung, mukena, hingga Alquran tak sempat diamankan. Semuanya basah terendam.
Banjir yang terjadi pada Minggu malam hingga Senin 15-16 Februari 2026 ini disebut-sebut sebagai yang terparah dalam lima tahun terakhir. Ketinggian air di halaman sekolah hampir mencapai satu meter, sementara di dalam kelas lebih dari 20 sentimeter.
Ratusan rumah warga di sekitar sekolah juga ikut terendam, dengan ketinggian air bahkan mencapai 1,5 meter.
Menurut Bakhrun, banjir diduga akibat luapan Sungai Pengasinan di sisi barat dan Sungai Rambut di sisi timur sekolah. Ditambah lagi, drainase di depan sekolah dalam kondisi rusak dan tidak lancar.
Posisi sekolah yang lebih rendah dari saluran drainase memperparah kondisi saat air meluap.
“Solusinya, drainase ini harus segera diperbaiki. Saya sarankan diganti dengan saluran U-ditch agar bisa dikontrol ketika tersumbat. Jangan sampai ini menjadi langganan dan membahayakan siswa,” tegasnya.
Ia pun mendesak Pemkab Tegal melalui dinas terkait melakukan 2 hal yang bisa menjadi solusi banjir tersebut. Yakni segera mengalokasikan anggaran untuk perbaikan drainase serta melakukan normalisasi sungai dari hulu hingga hilir.

BERSIHKAN LUMPUR - KWK Dikbud Kecamatan Warureja Senin, saat membersihkan lumpur yang menumpuk di halaman SDN Sukareja 02 Warureja, Kabupaten Tegal, Selasa (17/2/2026). DPRD desa Pemkab lakukan dua hal ini untuk penganganan banjir di sekolah-sekolah di Wa-Yeri Noveli/Radar Tegal Grup-
Apalagi, SDN Sukareja 02 diapit beberapa aliran sungai, termasuk satu sungai di sisi timur sekolah, sehingga rawan terdampak saat debit air meningkat.
Kepala SDN Sukareja 02, Sopwanudin, membenarkan bahwa banjir kali ini jauh lebih besar dibanding tahun 2021.
""Memang lima tahunan terjadi banjir, tapi yang sekarang ini paling parah,” tuturnya.
Saat ini, pembersihan dilakukan secara swadaya. Warga, guru, bahkan beberapa siswa turut membantu menyedot lumpur menggunakan mesin diesel.
Beruntung, dokumen penting serta barang elektronik seperti komputer dan tape berhasil diselamatkan.
“Alhamdulillah aset sekolah aman. Tapi ruang kelas sangat kotor dan perlengkapan sholat di musholah banyak yang rusak karena terendam,” ucapnya.
Sebanyak 274 siswa SDN Sukareja 02 dijadwalkan kembali masuk sekolah pada Senin, 23 Februari 2026.
""Bersyukur saat banjir para siswa masih dalam masa libur, sehingga tidak sampai membahayakan keselamatan mereka,"" sambung Sopwanudin.
Koordinator Wilayah Kecamatan (KWK) Dikbud Warureja, Senin, juga menyampaikan keprihatinannya. Menurutnya, banjir tidak hanya melanda SDN Sukareja 02, tetapi juga SDN Sukareja 01, SDN Sukareja 04, SDN Kreman 02, SDN Kedungkelor 02, serta sejumlah TK dan KB.
“Banjir kali ini sangat parah dan merusak sebagian sarana prasarana sekolah. Tapi kami bersyukur para kepala sekolah sigap. Mereka bersama warga bergerak cepat membersihkan lingkungan sekolah,” ujarnya.

BERSIHKAN LUMPUR - KWK Dikbud Kecamatan Warureja Senin, saat membersihkan lumpur yang menumpuk di halaman SDN Sukareja 02 Warureja, Kabupaten Tegal, Selasa (17/2/2026). DPRD desa Pemkab lakukan dua hal ini untuk penganganan banjir di sekolah-sekolah di Wa-Yeri Noveli/Radar Tegal Grup-
Ia mengaku selama ini telah mengimbau seluruh kepala sekolah agar menyimpan dokumen penting dan barang elektronik di tempat aman sebagai langkah antisipasi. Namun, ia berharap perbaikan tidak hanya berhenti pada penanganan pascabanjir.
“Harapannya drainase segera diperbaiki dan sungai dinormalisasi. Air harus bisa mengalir lancar. Jangan sampai anak-anak kita terus belajar di bawah bayang-bayang banjir,” tandasnya.",warureja | fraksi pks | kabupaten tegal | anggota dprd | banjir | sekolah
"Krisis Air Bersih di Tegal Meluas, Warga Berharap Penanganan Rampung Secepatnya","Kamis 19-02-2026,21:30 WIB",https://radartegal.disway.id/lokal/read/723043/krisis-air-bersih-di-tegal-meluas-warga-berharap-penanganan-rampung-secepatnya,"ANTRE - Warga terdampak krisis air bersih di Kecamatan Tegal Selatan Kota Tegal antre air bersih bantuan dari salah satu Anggota DPRD
TEGAL, radartegal.com - Krisis air bersih di TEGAL yang disebabkan rusaknya jaringan pipa PDAM kini semakin meluas. Wilayah yang sebelumnya tidak terdampak kini merasakan hal yang sama.
Seperti terjadi di wilayah Jalan Serayu Kelurahan Mintaragen, Kecamatan Tegal Timur Kota Tegal. Aliran air PDAM yang sebelumnya lancar, menjadi kecil bahkan sempat terhenti pada Kamis, 19 Februari 2026 pagi.
Salah satu warga Jalan Serayu Teguh Mulyadi, 30 tahun mengatakan sebalumnya aliran air PDAM di rumahnya cukup lancar. Namun, pagi tadi sempat terhenti hingga sore hari.
""Awalnya di sini lancar-lancar saja. Tetapi tadi pagi sampai sore tidak mengalir,"" katanya.
Baru saat menjelang berbuka, kata Teguh, air kembali mengalir. Namun, alirannya cukup kecil. Untuk mendapatkan air dalam jumlah banyak, dirinya terpaksa menunggu cukup lama.
Hal serupa juga dialami warga di Jalan Oto Iskandar Dinata Kelurahan Debong Kidul Kecamatan Tegal Selatan. Warga di sana sudah mengalami krisis air bersih sekitar satu bulan yang lalu.
""Ini sudah berlangsung selama lebih dari sebulan Kita tentu berharap agar pihak terkait bisa melakukan penanganan secepatnya, sehingga ini tidak berlarut-larut,"" ujar salah satu warga di sana.
Sebelumnya, warga di sejumlah Kecamatan lainnya juga merasakan hal yang sama. Bantuan dropping air bersih digelontorkan sejumlah pihak. Mulai dari Ketua dan Anggota DPRD Kota Tegal, donatur, hingga DPUPR serta PDAM sendiri.
Bantuan dropping air bersih seperti dilakukan Ketua DPRD Kota Tegal Kusnendro di enam titik di Kecamatan Tegal Barat, Rabu 18 Februari 2026. Yakni di Kelurahan Muarareja, Tegalsari dan Kraton yang merupakan daerah pemilihannya.
“Di Muarareja ada empat titik, sedangkan Tegalsari dan Kraton masing-masing satu titik,” ujar Kusnendro.

ANTRE - Warga terdampak krisis air bersih di Kecamatan Tegal Selatan Kota Tegal antre air bersih bantuan dari salah satu Anggota DPRD
Menurut Kusnendro, ke depan Pemkot Tegal perlu meningkatkan kesiapsiagaan menghadapi krisis air bersih. Kusnendro menilai, koordinasi antara pemerintah daerah dan Perumda Air Minum Tirta Bahari masih belum optimal.
“Bantuan terkesan kurang maksimal, karena keterbatasan armada dan minimnya koordinasi,” kata Kusnendro.",berita tegal terbaru | berita tegal hari ini | berita tegal | tegal
Keluarga Jenazah dalam Koper Minta Pelaku Dihukum Berat,"Kamis 19-02-2026,21:15 WIB",https://radartegal.disway.id/lokal/read/723042/keluarga-jenazah-dalam-koper-minta-pelaku-dihukum-berat,"Keluarga korban pembunuhan yang jenazahnya ditemukan dalam koper berharap pelaku dihukum berat. (Istimewa)
BREBES, radartegal.com – Keluarga jenazah yang ditemukan dalam koper berharap pelaku dihukum berat. Korban yang diketahui bernama Sapri (65) itu merupakan warga Desa Pende, Kecamatan Banjarharjo.
Keluarga korban menilai tindakan pelaku sangat keji karena tidak hanya menghilangkan nyawa korban. Tetapi diduga merampas barang berharga milik korban.
Menantu korban, Almonda Ferdinand mengaku pihak keluarga merasa sangat kehilangan, karena ayah mertuanya masih menjadi tulang punggung keluarga. Termasuk masih menafkahi cucu-cucunya yang yatim, yang selama ini dinafkahi.
""Ibu mertua saya sok berat, tidak bisa membayangkan pembunuhan yang sangat keji dengan cara disiksa dan  terdapat banyak luka,"" katanya kepada saat ditemui dikediaman almarhum di Desa Pende, Rabu 18 Februari 2026 lalu.
Almonda juga menepis pernyataan pelaku yang mengaku dirinya terpaksa menghabisi nyawa Sapri karena sakit hati, telah dimarahi dan ditampar. ""Bapak datang kesana (ke Rokib), itu permintaan Rokib sendiri, bapak malam-malam ditelfon suruh datang dengan membawa uang sebesar Rp20 juta,"" jelasnya.
Keluarga menduga tersangka sudah mempersiapkan untuk melakukan perampokan dan sudah terencana untuk menghabiskan korban. Ini jelas kata Almonda, pembunuhan berencana dan pencurian dengan kekerasan (perampokan).
""Kecurigaan pihak keluarga karena almarhum tidak pernah keluar malam, apalagi pergi dengan jalan kaki ke tetangga desa dengan membawa uang yang tidak sedikit yakni sebesar Rp20 juta. Buat apa nagih hutang bawa uang? bisa saja besok pagi dan kenapa harus tengah malam, itu semua permintaan dari tersangka,"" ujarnya.
Pihak keluarga juga mengetahui jika tersangka memiliki hutang ke korban sebesar Rp23 juta, yang dilakukan beberapa kali dalam kurun waktu 4 bulan. ""Kami minta hukuman seadil-adilnya, kami menuntut hukuman mati dan seringan-ringannya hukuman seumur hidup. Dikarenakan yang dilakukan Rokib pembunuhan sadis dan berencana. Tersangka juga tidak punya niat baik untuk menyerahkan diri,"" tegasnya.",pembunuhan di brebes | brebes hari ini
"9 Kios Porak Poranda Diterjang Puting Beliung di Pemalang,","Kamis 19-02-2026,20:45 WIB",https://radartegal.disway.id/lokal/read/723039/9-kios-porak-poranda-diterjang-puting-beliung-di-pemalang,"Angin kencang porak poranda kios di Posongan Comal
PEMALANG, radartegal.com - Angin puting beliung menerjang wilayah Kelurahan Purwoharjo, Kecamatan Comal, Kabupaten PEMALANG, Kamis 19 Februari 2026 sore. Angin kencang disebut melanda area Dusun Posongan, Kelurahan Purwoharjo, Kecamatan Comal, Kabupaten PEMALANG, tepatnya di sekitar depan Gren Comal.
Sejumlah warga menyebut angin datang secara tiba-tiba saat hujan melanda di wilayah tersebut. Atas kejadian itu beberapa atap kios yang digunakan untuk berdagang rusak ringan, hingga berat.
Camat Comal membenarkan adanya kejadian angin puting beliung tersebut. Ia mengatakan, peristiwa tersebut terjadi saat hujan lebat disertai angin melanda wilayah Kecamatan Comal.
""Benar, peristiwa itu terjadi sekitar Pukul 15.30 WIB, beberapa kios mengalami kerusakan, baik ringan maupun berat. Namun, tidak ada korban jiwa dalam kejadian ini,"" kata Maksum kepada Radar Tegal.
Ia menjelaskan, total terdapat sembilan kios pedagang yang terdampak. Sebagian besar mengalami kerusakan ringan, sementara satu kios dilaporkan rusak berat.
Menurutnya, para penghuni kios berasal dari berbagai desa di Comal dan sekitarnya, bahkan ada yang dari wilayah Pekalongan.
""Berdasarkan pendataan sementara, kerugian material akibat kejadian tersebut diperkirakan mencapai Rp20 juta hingga Rp25 juta,"" pungkasnya",comal | pemalang | puting beliung
"Odong-odong di Jalan Gajah Mada Slawi Ditertibkan, Ini Alasannya","Kamis 19-02-2026,20:45 WIB",https://radartegal.disway.id/lokal/read/723041/odong-odong-di-jalan-gajah-mada-slawi-ditertibkan-ini-alasannya,"DITINDAK- Kasat Lantas Polres Tegal memberi edukasi pengemudi odong-odong yang terjaring razia di Slawi.-Hermas Purwadi-
SLAWI, radartegal.com – Satuan Lalu Lintas (Satlantas) Polres Tegal mengambil langkah tegas guna meningkatkan keselamatan pengguna jalan. Pada Kamis 19 Februari 2026, petugas melakukan patroli gabungan yang menyasar pengoperasian kendaraan modifikasi atau odong-odong di ruas Jalan Gajah Mada, Slawi.
Kegiatan ini dipimpin langsung oleh Kasat Lantas Polres Tegal AKP Bharatungga Dharuning Pawuri, S.T.K., S.I.K., M.H., didampingi Kanit Kamsel, IPDA Bares Wiji Wijaya Soepandi.
Menurut AKP Bharatungga, penertiban ini merupakan kombinasi antara langkah edukatif dan penindakan hukum bagi kendaraan yang tidak sesuai peruntukan.
""Patroli ini adalah upaya preventif dan represif untuk menekan potensi kecelakaan lalu lintas yang melibatkan kendaraan modifikasi. Odong-odong memiliki risiko tinggi jika beroperasi di jalan umum,"" tegas Kasat Lantas.
Dalam operasi tersebut, polisi mengedepankan pendekatan humanis kepada pengemudi dan penumpang melalui:
Pihak kepolisian menekankan bahwa sasaran utama dari kegiatan ini adalah melindungi masyarakat, terutama anak-anak yang sering menjadi penumpang setia odong-odong.
Polres Tegal mengimbau agar pemilik odong-odong tidak lagi mengoperasikan kendaraannya di jalur cepat atau jalan raya.
“Kami berharap masyarakat paham bahwa aturan ini dibuat untuk melindungi, bukan mempersulit. Keselamatan adalah prioritas utama. Mari kita jaga diri dan keluarga dari risiko kecelakaan yang merugikan semua pihak,” pungkas AKP Bharatungga.
Dengan adanya kegiatan rutin ini, diharapkan kesadaran warga Kabupaten Tegal terhadap tata tertib berlalu lintas semakin meningkat, demi terciptanya situasi Kamseltibcarlantas yang kondusif.",odong-odong | polres tegal | kabupaten tegal | satlantas | penertiban | kecelakaan
"Safari Dakwah Ramadan 1447 H, Baznas Kabupaten Tegal Gandeng 127 Santri Lirboyo dan Ploso","Kamis 19-02-2026,15:29 WIB",https://radartegal.disway.id/lokal/read/723033/safari-dakwah-ramadan-1447-h-baznas-kabupaten-tegal-gandeng-127-santri-lirboyo-dan-ploso,"LEPAS - Sekda mewakili Bupati Tegal melepas santri Program Safari Dakwah Ramadan di depan pendopo Amangkurat.-Hermas Purwadi-
SLAWI, radartegal.com – Memasuki tahun kelima, BAZNAS Kabupaten Tegal kembali meluncurkan Program Safari Dakwah Ramadan 1447 H. Dalam program tahun ini, BAZNAS menggandeng dua pondok pesantren besar, yakni Ponpes Hidayah Mubtadiin Lirboyo dan Ponpes Al Falah Ploso, Kediri.
Sebanyak 127 santri dari kedua ponpes ternama tersebut secara resmi dilepas untuk melakukan dakwah Islam langsung di tengah masyarakat selama 20 hari sepanjang bulan Ramadan.
Ketua BAZNAS Kabupaten Tegal KH Akhmad Rofiki, menjelaskan bahwa para santri akan disebar di empat desa di wilayah Kabupaten Tegal. Lokasi tersebut meliputi Desa Lumingser, Desa Pedeslohor, dan Desa Bersole di Kecamatan Adiwerna, serta Desa Penusupan di Kecamatan Pangkah.
""Kami berharap kehadiran para santri dapat menyampaikan dakwah Islam secara santun, membumi, dan menyentuh kebutuhan masyarakat. Paling penting, para santri nantinya akan menggelar istigasah untuk keselamatan Kabupaten Tegal agar lekas membaik dan luwih apik ke depannya,"" ujar KH Akhmad Rofiki, Rabu 18 Februari 2026.
Bupati Tegal melalui Sekda Amir Makhmud memberikan apresiasi tinggi terhadap kegiatan tahunan ini. Ia berharap program tersebut menjadi momentum untuk memperkokoh ukhuwah serta menghadirkan nilai-nilai Islam yang menyejukkan.
Selain safari dakwah, BAZNAS juga mengumumkan total pendistribusian dana zakat, infak, dan sedekah (ZIS) untuk mengisi Ramadan 1447 H senilai Rp1.384.775.000.
KH Akhmad Rofiki merinci rangkaian penyaluran tersebut meliputi:
Dengan penyaluran yang masif ini, BAZNAS berharap dampak ekonomi dan spiritual dapat dirasakan langsung oleh masyarakat Kabupaten Tegal selama bulan suci.",ploso | lirboyo | kabupaten tegal | baznas | ramadan | santri | bulan suci | dakwah
"Gelar Operasi Terpadu Ramadan 1447 H di Kota Tegal, Satpol PP Sisir Bioskop hingga Tempat Karaoke","Kamis 19-02-2026,15:06 WIB",https://radartegal.disway.id/lokal/read/723032/gelar-operasi-terpadu-ramadan-1447-h-di-kota-tegal-satpol-pp-sisir-bioskop-hingga-tempat-karaoke,"RAZIA- Memasuki malam pertama Ramadan 1447 H, Satpol PP Kota Tegal bersama Tim Gabungan TNI-Polri dan Perangkat Daerah menggelar Operasi Terpadu pada Rabu malam 18 Februari 2026. Operasi ini bertujuan memastikan seluruh pelaku usaha mematuhi aturan.-K. Anam Syahmadani-
​TEGAL, radartegal.com – Memasuki malam pertama Ramadan 1447 H, Satuan Polisi Pamong Praja (Satpol PP) Kota Tegal bersama Tim Gabungan TNI-Polri dan Perangkat Daerah menggelar Operasi Terpadu pada Rabu malam 18 Februari 2026. Operasi ini bertujuan memastikan seluruh pelaku usaha mematuhi aturan operasional selama bulan suci.
​Kepala Satpol PP Kota Tegal Budio Pradibto menegaskan bahwa sidak ini merupakan langkah pengawasan terhadap Surat Edaran (SE) Wali Kota Tegal mengenai pengaturan kegiatan usaha dan hiburan tahun 2026.
​“Kami turun ke lapangan untuk memastikan Surat Edaran tersebut sudah tersampaikan dan benar-benar dilaksanakan oleh pengelola tempat usaha maupun hiburan,” ujar Budio saat memimpin personel gabungan di lapangan.
​Berdasarkan aturan terbaru Pemkot Tegal, terdapat 11 jenis sektor usaha yang mendapatkan penyesuaian jam operasional demi menghormati umat Islam yang berpuasa, di antaranya:
​Pemerintah Kota Tegal bersikap tegas terhadap jenis usaha hiburan malam tertentu. Selama bulan Ramadan 2026, usaha seperti diskotik, pub, lounge, karaoke, panti pijat, sauna, dan spa dilarang beroperasi penuh.
​“Dari hasil Operasi Terpadu semalam, mayoritas tempat usaha yang kami datangi sudah mematuhi instruksi dalam Surat Edaran Wali Kota,” tambah Budio.
​Satpol PP juga mengingatkan pengusaha yang menutup usahanya untuk tetap melapor ke Badan Keuangan Daerah (BKD) terkait urusan pajak dan retribusi. Bagi yang nekat melanggar aturan operasional, Pemkot Tegal telah menyiapkan sanksi bertingkat.
​“Sanksinya mulai dari teguran tertulis, penutupan sementara, hingga pencabutan izin usaha atau penutupan tetap,” tegasnya.",hiburan malam | kota tegal | satpol pp | jam operasional | ramadan | bulan suci | puasa | operasi
"Enam Pejabat Lolos Seleksi Administrasi Calon Sekda Pemalang, Ini Namanya","Kamis 19-02-2026,10:00 WIB",https://radartegal.disway.id/lokal/read/723028/enam-pejabat-lolos-seleksi-administrasi-calon-sekda-pemalang-ini-namanya,"Ilustrasi seleksi sekda Pemalang
PEMALANG, radartegal.com - Dari tiga belas pendaftar Pengisian Jabatan Pimpinan Tinggi Pratama Sekretaris Daerah Kabupaten PEMALANG Tahun 2026, Panitia Seleksi Terbuka dan Kompetitif menetapkan enam peserta lolos Seleksi administrasi calon Sekda.
Keenam pendaftar yang telah dinyatakan lolos seleksi ini berhak mengikuti tahapan berikutnya, yakni seleksi kompetensi melalui assessment center.
Ketua Panitia Seleksi, Hardi Warsono, mengatakan penetapan tersebut dilakukan setelah pansel melakukan verifikasi dan penilaian terhadap kelengkapan serta kesesuaian dokumen para pendaftar.
""Berdasarkan hasil penilaian administrasi, pansel sepakat menetapkan enam nama yang dinyatakan memenuhi syarat dan berhak mengikuti seleksi kompetensi tahap selanjutnya,"" kata Hardi kepada wartawan Kamis 19 Februari 2026.
Hardi menjelaskan, seleksi kompetensi rencananya akan dilaksanakan selama dua hari, yaitu pada hari Senin hingga Selasa, 23–24 Februari 2026, mulai pukul 08.00 WIB sampai selesai.
""Assessment akan dilaksanakan di Unit Penilaian Kompetensi ASN Badan Kepegawaian Daerah Provinsi Jawa Tengah,"" jelasnya.
Dalam pelaksanaannya, keenam peserta diminta hadir dengan mengenakan pakaian baju putih lengan panjang berdasi dan celana gelap, serta membawa laptop untuk mendukung pelaksanaan seleksi.
Berikut nama enam pejabat yang lolos seleksi administrasi :",sekda | pemalang | seleksi
Opsi Relokasi SMPN 2 Suradadi Tegal Mengemuka Usai Terendam Banjir,"Kamis 19-02-2026,09:00 WIB",https://radartegal.disway.id/lokal/read/723026/opsi-relokasi-smpn-2-suradadi-tegal-mengemuka-usai-terendam-banjir,"BANJIR - Anggota DPRD Kabupaten Tegal Bakrun dan Plt Kepala Disdikbud Kabupaten Tegal Winarto berjibaku dengan lumpur pasca-banjir di SMPN 2 Suradadi, Selasa (17/2/2026).-Yeri Noveli/Radar Tegal Grup-
SURADADI, radartegal.com - Wacana relokasi SMPN 2 Suradadi Tegal mengemuka usai terendam banjir. Hal itu terungkap saat anggota DPRD dan Plt Kepala Disdikbud Kabupaten Tegal melakukan tinjauan pasca-banjir yang terjadi pada Senin, 16 Februari 2026.
Ya, dalam waktu 2 pekan terakhir ini, SMPN 2 Suradadi Kabupaten Tegal 4 kali terendam banjir. Terparah terjadi pada Senin, 16 Februari 2026, air setinggi lebih dari satu meter menguasai ruang-ruang kelas sekolah tersebut.
Beruntung, para siswa tengah menjalani masa libur, sehingga tak ada korban jiwa maupun luka. Namun, yang tersisa setelah banjir surut bukan sekadar genangan, melainkan lumpur setebal 20 sentimeter, tumpukan sampah, hingga ular yang bersembunyi di sudut-sudut kelas.
Kini, meski air telah pergi, tetapi aroma lumpur masih menyengat. Jejak bencana terlihat jelas di setiap ruang belajar, musala, hingga halaman sekolah.
Petugas Damkar Kabupaten Tegal berjibaku menyedot lumpur, memastikan ruangan aman. Bahkan ular-ular yang sempat masuk ke kelas telah dievakuasi.
Plt Kepala SMPN 2 Suradadi, Hening Haryanti, tak kuasa menyembunyikan keprihatinannya. Banjir ini merupakan yang keempat dalam dua pekan terakhir, dan kali ini yang paling parah.
“Banjir kali ini bercampur lumpur, sampah, bahkan ular. Tembok pagar belakang sepanjang 30 meter dengan tinggi dua meter jebol, sehingga air mengalir deras tanpa kendali dan masuk ke seluruh ruangan,” kata Hening, Selasa, 17 Februari 2026.
Menurutnya, lumpur merata di semua ruang kelas dan halaman sekolah. Ketebalannya mencapai 20 sentimeter.
Untuk membersihkannya, pihak sekolah dibantu armada Damkar serta mesin diesel dari Dinas Pendidikan dan Kebudayaan Kabupaten Tegal.
“Perkiraan kami, lumpur ini bisa hilang sekitar satu minggu, tapi harus dibantu penyedotan. Karena benar-benar tebal dan masuk ke semua ruangan, termasuk musala,” ujarnya.

BANJIR - Anggota DPRD Kabupaten Tegal Bakrun dan Plt Kepala Disdikbud Kabupaten Tegal Winarto berjibaku dengan lumpur pasca-banjir di SMPN 2 Suradadi, Selasa (17/2/2026).-Yeri Noveli/Radar Tegal Grup-
Sekolah sebenarnya telah mengantisipasi banjir susulan dengan menyelamatkan aset dan dokumen penting. Namun tak semuanya tertolong.
Buku-buku perpustakaan luluh lantak terendam lumpur. Peralatan band ikut rusak. Meski begitu, komputer berhasil diamankan.
“Ada beberapa dokumen yang terendam, tapi akan kami keringkan. Yang jelas, ini ujian berat bagi kami,” ucapnya.
Hening menyebut, SMPN 2 Suradadi memang sudah menjadi langganan banjir setiap tahun. Letaknya yang diapit aliran sungai membuat sekolah selalu terancam saat hujan deras mengguyur.
Plt Kepala Dinas Pendidikan dan Kebudayaan Kabupaten Tegal, Winarto, membenarkan kondisi tersebut. Ia menyebut posisi sekolah sangat rawan karena di belakang terdapat Sungai Cenang, sementara di depan ada aliran sungai kecil tersier.
“Kalau hujan dengan intensitas tinggi, dua sungai ini kerap meluap. Tahun ini yang paling parah karena pagar belakang sampai jebol,” tuturnya.
Untuk penanganan jangka pendek, pihaknya fokus pada pembersihan total agar kegiatan belajar mengajar (KBM) bisa segera berjalan normal. Jika hingga batas akhir libur, Senin, 23 Februari 2026, kondisi belum memungkinkan, opsi pembelajaran jarak jauh (PJJ) akan dipertimbangkan.
“Kami juga akan membuat tanggul sementara di belakang sekolah agar air tidak mudah masuk lagi,” kata Winarto.
Namun, solusi jangka panjang menjadi sorotan. Dua opsi mengemuka: relokasi atau pembangunan dua lantai. Jika tetap di lokasi saat ini, bangunan harus ditingkatkan agar ruang kelas dan dokumen penting berada di lantai atas.
“Kalau tidak relokasi, minimal harus dibangun dua lantai. Tapi kita juga kasihan, setiap banjir guru dan siswa harus membersihkan lumpur,” ujarnya.

BANJIR - Anggota DPRD Kabupaten Tegal Bakrun dan Plt Kepala Disdikbud Kabupaten Tegal Winarto berjibaku dengan lumpur pasca-banjir di SMPN 2 Suradadi, Selasa (17/2/2026).-Yeri Noveli/Radar Tegal Grup-
Keprihatinan juga datang dari anggota DPRD Kabupaten Tegal Fraksi PKS, H Bakhrun. Ia menilai banjir kali ini luar biasa dampaknya, tidak hanya merendam ribuan rumah di Pantura, tetapi juga puluhan fasilitas pendidikan.
“Ini yang terparah. Fasilitas pendidikan ikut terdampak serius, termasuk SMPN 2 Suradadi. Relokasi perlu dikaji serius agar tidak terus-menerus jadi korban banjir,” kata Bakhrun.
Bakhrun menambahkan, jika relokasi tidak memungkinkan, maka pembangunan bertingkat menjadi pilihan realistis.
“Yang penting keselamatan dan kenyamanan siswa harus diutamakan,” tandasnya.
Sementara itu, deru mesin penyedot lumpur masih terdengar nyaring di SMPN 2 Suradadi. Dinding-dinding yang kecokelatan menjadi saksi betapa ganasnya air bercampur lumpur itu menerjang.
Namun di balik lumpur yang menutupi lantai, harapan tak ikut tenggelam, tapi justru kian menyala. Para guru tetap berdiri, membersihkan ruang demi ruang.
Tekad mereka bulat dan kuat. Sekolah ini tak boleh kalah oleh banjir meski sudah empat kali dihantam air dalam dua pekan terakhir.
Pasca-banjir kali keempat rendam SMPN 2 Suradadi Tegal, kini semua mata tertuju pada keputusan besar: bertahan dengan risiko banjir tahunan, atau melangkah menuju relokasi demi masa depan yang lebih aman bagi generasi muda Suradadi.",peninggian bangunan | smpn 2 suradadi | relokasi | banjir
Gubernur Jawa Tengah Resmikan Preservasi Jalan Randudongkal–Moga dan Pemalang–Bantarbolang,"Kamis 19-02-2026,08:30 WIB",https://radartegal.disway.id/lokal/read/723024/gubernur-jawa-tengah-resmikan-preservasi-jalan-randudongkalmoga-dan-pemalangbantarbolang,"PEMALANG, radartegal.com – Gubernur Jawa Tengah, Ahmad Luthfi, meresmikan Paket Preservasi Jalan Randudongkal–Moga dan Pemalang–Bantarbolang, di Balai Desa Kecepit, Kecamatan Randudongkal, Kabupaten Pemalang, Rabu, 18 Februari 2026. Kegiatan tersebut dihadiri sekitar 70 peserta dari unsur pemerintah daerah, TNI-Polri, serta perangkat kecamatan dan desa.
Turut hadir dalam peresmian Paket Preservasi Jalan Randudongkal–Moga dan Pemalang–Bantarbolang, Kepala Dinas PUPR Jawa Tengah Henggar Budi Anggoro, Kalakhar BPBD Jawa Tengah Bergas Catursasi Penanggungan dan Bupati Pemalang Anom Widiyantoro.
Tampak juga Bupati Brebes Paramitha Widya Kusuma, Bupati Tegal Ischak Maulana Rohman, Dandim 0711 Pemalang Letkol Inf Muhammad Arif, Kapolres Pemalang AKBP Rendy Setia Permana, Kajari Pemalang Rina Idawani, Lanal Tegal Lettu Laut Haryono, dan jajaran OPD Kabupaten Pemalang.
Kemudian Camat Randudongkal Agus Mulyadi, Danramil 08 Randudongkal Kapten Arm Andumiyanta, Kapolsek Randudongkal AKP Sudaryo, serta para kepala desa se-Kecamatan Randudongkal.
Dalam sambutannya, Gubernur Jawa Tengah menyampaikan rincian pembangunan dua ruas jalan provinsi yang diresmikan. Preservasi Jalan Randudongkal–Moga memiliki panjang 4,180 km, terdiri dari penanganan aspal sepanjang 1,575 km dan beton sepanjang 2,605 km dengan nilai anggaran Rp24,5 miliar.
Sementara itu, Preservasi Jalan Pemalang–Bantarbolang memiliki panjang 5,731 km dengan penanganan aspal 3,996 km dan beton 1,735 km, anggarannya sebesar Rp26,32 miliar.
Gubernur juga menyampaikan permohonan maaf kepada masyarakat Kabupaten Pemalang atas kondisi jalan provinsi yang belum sepenuhnya mantap dan menegaskan komitmen pemerintah provinsi untuk terus meningkatkan kualitas infrastruktur jalan.
""Peningkatan kualitas jalan sangat penting untuk keselamatan pengguna jalan, kelancaran arus mudik dan balik yang terus meningkat, serta mendorong pergerakan orang dan barang guna menggerakkan roda perekonomian. Infrastruktur yang baik diyakini mampu menumbuhkan pusat-pusat ekonomi baru, mempercepat penataan kota, dan mendukung pembangunan wilayah,"" kata Luthfi.
Ia menegaskan bahwa pembangunan infrastruktur menjadi prioritas utama Pemerintah Provinsi Jawa Tengah dan membutuhkan dukungan dari pemerintah kabupaten/kota, wartawan, serta seluruh komponen masyarakat.
""Dengan mengucapkan Bismillah, hari ini Jawa Tengah meresmikan preservasi Jalan Pemalang–Bantarbolang dan Jalan Randudongkal–Moga. Semoga bermanfaat bagi masyarakat,"" seru Gubernur.",randudongkal-moga | pemalang-bantarbolang | jalan provinsi | gubernur jateng | gubernur jawa tengah | peresmian
"Guci Tegal Bangkit dari Titik Nol, Juru Kunci: Alam Tak Pernah Marah Tanpa Sebab","Kamis 19-02-2026,08:00 WIB",https://radartegal.disway.id/lokal/read/723025/guci-tegal-bangkit-dari-titik-nol-juru-kunci-alam-tak-pernah-marah-tanpa-sebab,"ALAMI - Suasana Pancuran 13 Guci Kabupaten Tegal kini tampak asri dan alami, Rabu (18/2/2026).-Yeri Noveli/Radar Tegal Grup-
BUMIJAWA, radartegal.com - Guci Tegal bangkit dari titik nol, setelah luluh lantak diterjang banjir bandang awal tahun 2026 lalu. Dalam dialog terbuka dengan anggota DPRD, Rabu, 18 Februari 2027, Juru Kunci Guci Tegal, Tulus, tak banyak bicara soal kerugian materi, tapi justru berbicara tentang sebab dan peringatan.
Lebih asri, lebih terbuka, dan lebih natural. Itulah wajah Pancuran 13 Guci Tegal saat ini, setelah diterjang banjir bandang.
Dari atas jembatan darurat berbahan bambu yang membentang sederhana, Wakil Ketua Komisi III DPRD Kabupaten Tegal dari Fraksi Partai Golkar, Khuzaeni, berdiri berdampingan dengan Juru Kunci Guci Tegal, Tulus, menyaksikan langsung pemandangan tersebut, Rabu, 18 Februari 2026.
Di lokasi itulah dialog terbuka terjadi antara wakil rakyat dan Juru Kunci Guci Tegal.
“Alam itu tidak pernah marah tanpa sebab,” ucap Sang Juru Kunci Guci Tegal, Tulus, pelan namun tegas.
Malam ketika banjir bandang datang, Tulus mengaku merasakan firasat yang tidak biasa. Deru air yang datang tiba-tiba membuatnya yakin bahwa sesuatu akan hilang di sekitar sungai.
“Saya merasakan bahwa di sekitar sungai akan hilang semuanya,” kenangnya.
Air bah menghantam Desa Guci dan Dukuh Pekandangan, Desa Rembul. Pelaku usaha di kawasan wisata, bukan hanya di Pancuran 13 tetapi juga Pancuran 5 Guci, ikut terdampak. Aktivitas ekonomi lumpuh. Warga tertegun.
Kini, justru setelah bangunan-bangunan yang dulu berdiri terlalu dekat ke bibir sungai tersapu, wajah asli sungai terlihat lebih jujur.
“Aliran Sungai Gung ini yang sesungguhnya ya seperti ini. Ini harus dipikirkan agar sungai tetap memiliki aliran dan bisa menampung jika suatu saat nanti ada banjir besar,” ujar Tulus.

ALAMI - Suasana Pancuran 13 Guci Kabupaten Tegal kini tampak asri dan alami, Rabu (18/2/2026).-Yeri Noveli/Radar Tegal Grup-
Kalimat itu seperti tamparan halus bagi arah pembangunan wisata yang selama ini tumbuh pesat.
Guci adalah ikon wisata Kabupaten Tegal. Pertumbuhan fasilitas dan geliat ekonomi tak terelakkan.
Namun di balik geliat itu, ruang-ruang resapan diduga menyempit, daerah penyangga hutan perlahan berubah fungsi.
Tulus tidak menunjuk siapapun sebagai penyebab. Ia justru mengajak semua pihak untuk berkaca.
“Kita perlu introspeksi dan tidak saling menyalahkan. Sungai butuh aliran yang cukup untuk airnya,” ucapnya.
Ia juga menegaskan pentingnya menjaga hutan sebagai benteng alami.
“Daerah penyangga hutan harus dijaga dan dikembalikan sesuai fungsinya. Yang di atas itu tidak terdampak seperti kita. Mereka menanam juga tetap berjalan. Kemungkinan ini bisa terjadi lagi,” ujarnya.
Pernyataan sang Juru Kunci Guci Tegal itu bukan ancaman, melainkan peringatan.
Khuzaeni mengakui, pemulihan ekosistem bukan perkara instan. Reboisasi dan pengembalian fungsi hutan, kata dia, membutuhkan waktu panjang.
“Bisa 25 sampai 30 tahun untuk benar-benar pulih,” tuturnya.
Artinya, solusi tidak cukup hanya dengan membangun ulang fasilitas wisata. Beton bisa berdiri cepat, tetapi hutan butuh puluhan tahun untuk kembali menjadi benteng alami.

ALAMI - Suasana Pancuran 13 Guci Kabupaten Tegal kini tampak asri dan alami, Rabu (18/2/2026).-Yeri Noveli/Radar Tegal Grup-
Di tengah proses panjang itu, warga memilih tidak berdiam diri. Mereka bergotong royong membersihkan lumpur, menata ulang kawasan, memperbaiki aliran sungai. Semua dilakukan tanpa ingin melangkahi kebijakan pemerintah.
“Masyarakat kerja bakti bukan karena ingin melangkahi pemerintah, tapi karena merasa memiliki. Agar kita tidak larut dalam kesedihan,” kata Tulus lagi.
Ia menyebut kondisi saat ini sebagai “back to nature”, kembali ke titik nol. Kondisi 0 persen. Justru dari titik itulah kesadaran baru dibangun.
Meski semangat gotong royong menyala, Tulus menegaskan warga tetap membutuhkan kehadiran negara.
“Kejadian ini berdampak nyata bagi masyarakat Desa Pekandangan dan Guci sekitarnya. Mereka membutuhkan uluran tangan dari pemerintah,” tegasnya.
Harapan itu bukan sekadar bantuan finansial. Ia mendorong agar renovasi kawasan Guci ke depan berbasis mitigasi bencana dan keberlanjutan lingkungan.
Pembangunan harus memberi ruang bagi sungai untuk bernapas, bagi hutan untuk tetap berdiri.
Kini, di bawah kabut tipis Bumijawa, jembatan bambu di Pancuran 13 mungkin terlihat sederhana. Tapi di sanalah simbol ketahanan itu berdiri.
Bahwa Guci tidak hanya bangkit secara fisik. Ia sedang belajar menata ulang relasi dengan alam.

ALAMI - Suasana Pancuran 13 Guci Kabupaten Tegal kini tampak asri dan alami, Rabu (18/2/2026).-Yeri Noveli/Radar Tegal Grup-
Bencana ini bukan sekadar cerita tentang air yang meluap. Ini tentang peringatan keras yang datang dari alam. Tentang sungai yang meminta ruang. Tentang hutan yang menunggu dipulihkan.
Serta tentang masyarakat Guci Tegal yang memilih bangkit, bukan untuk kembali seperti dulu, tetapi untuk menjadi lebih bijak dari sebelumnya.",juru kunci | guci | kabupaten tegal | anggota dprd
122 ABK Kapal Hanyut di Asemdoyong Pemalang Terima Bantuan,"Kamis 19-02-2026,07:06 WIB",https://radartegal.disway.id/lokal/read/723018/122-abk-kapal-hanyut-di-asemdoyong-pemalang-terima-bantuan,"Penyerahan bantuan secara simbolis untuk abk nelayan yang kapalnya hanyut
PEMALANG, radartegal.com - Pemerintah Kabupaten Pemalang menyalurkan bantuan kepada ABK nelayan yang kapalnya hanyut akibat gelontoran air Sungai Elon di Desa Asemdoyong, Kecamatan Taman, Rabu 18 Februari 2026. Penyaluran bantuan dilakukan melalui Dinas Pertanian Pangan dan Perikanan Pemalang, Dinas Sosial Pemalang, serta BPBD Pemalang.
Bantuan tersebut diberikan kepada 122 anak buah kapal (ABK). Kepala Dinas Pertanian Pangan dan Perikanan (Dispertanparik), Era Srinaeni mengatakan, bantuan yang diberikan berupa beras, minyak goreng, dan mi instan untuk para nelayan terdampak.
""Kami dari pemerintah daerah melalui Dispertanparik, Dinas Sosial, dan BPBD memberikan bantuan berupa beras, minyak goreng, dan mi instan bagi masing-masing nelayan terdampak,"" katanya.
Mengenai peristiwa ini, pihaknya mengaku selalu koordinasi dengan pemerintah desa, KUD Mina Misoyo Makmur, Polairud Polres Pemalang, Pos AL Pemalang, DPU, serta paguyuban nelayan setempat dalam penanganan bencana.
Tak hanya itu, waktu kejadian Dispertanparik juga turut membantu proses evakuasi kapal bersama nelayan dan unsur terkait di wilayah Kabupaten Pemalang.
Berdasarkan perkembangan penanganan hingga 17 Februari 2026, dari empat kapal yang hanyut ke laut seluruhnya telah berhasil dievakuasi.
Sementara itu, dari lima kapal yang tenggelam di permukaan sungai, dua kapal sudah berhasil diangkat dan tiga lainnya masih dalam proses evakuasi.
""Selain itu ditemukan juga empat kapal yang tenggelam di dasar perairan muara sungai, satu sudah dievakuasi dan tiga kapal masih ditangani,"" tambahnya.
Atas peristiwa ini, kapal yang mengalami kerusakan berat tercatat ada 12 unit, dengan rincian tujuh kapal sudah berhasil dievakuasi dan sisanya menunggu proses lanjutan.
Di samping itu, dua kapal yang sempat kandas di muara juga dilaporkan telah berhasil dievakuasi. Dispertanparik berharap seluruh kapal terdampak dapat segera tertangani sehingga aktivitas nelayan dan pelelangan ikan bisa kembali berjalan normal.",kapal hanyut | asemdoyong | kabupaten pemalang | abk | bantuan
"Jadwal Imsakiyah Brebes Ramadan 1447 Hijriyah, Cek Waktu Berbuka Hari Ini","Kamis 19-02-2026,03:30 WIB",https://radartegal.disway.id/lokal/read/723023/jadwal-imsakiyah-brebes-ramadan-1447-hijriyah-cek-waktu-berbuka-hari-ini,"Jadwal Imsakiyah Kabupaten Brebes Ramadan 1447 Hijriyah
BREBES, radartegal.com - Kantor Kementerian Agama bersama Baznas dan Pemkab telah mengeluarkan jadwal imsakiyah wilayah Kabupaten BREBES Ramadan 1447 Hijriyah. Jadwal tersebut diharapkan dapat membantu umat muslim dalam menjalankan ibadah puasa dan salat selama Ramadan
Lewat jadwal itu, umat muslim khususnya yang ada di Kabupaten Brebes dapat mempersiapkan diri. Baik saat sahur maupun saat berbuka.
Meski begitu, ketika hendak berbuka atau akhir sahur, sebaiknya menunggu tanda yang disiarkan Musala atau Masjid terdekat. Berikut ini akan kami sajikan rangkuman jadwal Imsakiyah Ramadhan 1446 Hijriyah di wilayah Brebes dan Sekitarnya.
Harapannya, jadwal tersebut dapat menjadi rujukan bagi umat muslim dalam menjalankan ibadah puasa tahun ini. Pemerintah sendiri telah menetapkan 1 Ramadan 1447 Hijriyah jatuh pada Kamis, 19 Februari 2026.
1. Kamis-Jumat, 1-2 Ramadhan 1447 H/19-20 Februari 2026
2. Sabtu-Senin, 3-5 Ramadhan 1447 H/21-23 Februari 2026
3. Selasa-Rabu, 6-7 Ramadhan 1447 H/24-25 Februari 2026
4. Kamis, 8 Ramadhan 1447 H/26 Februari 2026
5. Jumat-Minggu, 9-11 Ramadhan 1447 H/27 Februari-01 Maret 2026
6. Senin-Selasa, 12-13 Ramadhan 1447 H/ 02-03 Maret 2026

Jadwal Imsakiyah Kabupaten Brebes Ramadan 1447 Hijriyah
7. Rabu-Jumat, 14-16 Ramadhan 1447 H/04-06 Maret 2026
8. Sabtu-Minggu, 17-18 Ramadhan 1447 H/07-08 Maret 2026
9. Senin-Selasa, 19-20 Ramadhan 1447 H/09-10 Maret 2026
10. Rabu-Jumat, 21-23 Ramadhan 1447 H/11-13 Maret 2026
11. Sabtu-Minggu, 24-25 Ramadhan 1447 H/14-15 Maret 2026
12. Senin-Selasa, 26-27 Ramadhan 1447 H/16-17 Maret 2026
13. Rabu-Jumat, 28-30 Ramadhan 1447 H/18-20 Maret 2025
Demikian jadwal Imsakiyah yang dapat dijadikan rujukan untuk waktu berbuka dan akhir sahur. Agar Anda bisa mempersiapkan diri dengan baik.
Kepastian waktu berbuka dan mengakhiri sahur sebaiknya menunggu tanda dari Masjid atau Musala terdekat. Selamat menjalankan ibadah puasa Ramadan tahun ini.",berita brebes terbaru | imsakiyah | berita brebes hari ini | berita brebes | brebes | kabupaten
Jadwal Imsakiyah Pemalang 1-30 Ramadan 1447 Hijriyah,"Kamis 19-02-2026,03:00 WIB",https://radartegal.disway.id/lokal/read/723022/jadwal-imsakiyah-pemalang-1-30-ramadan-1447-hijriyah,"Jadwal Imsakiyah Pemalang Ramadan 1447 Hijriyah
PEMALANG, radartegal.com - Jadwal imsakiyah wilayah Kabupaten PEMALANG untuk 1-30 Ramadan 1447 Hijriyah bisa dilihat dalam daftar berikut. Itu mengacu pada jadwal yang dikeluarkan oleh Kantor Kementerian Agama setempat.
Jadwal tersebut diharapkan dapat membantu umat muslim dalam menjalankan ibadah puasa dan salat selama Ramadhan. Umat muslim khususnya yang ada di Kabupaten Pemalang dapat mempersiapkan diri, baik saat sahur maupun saat berbuka.
Meski begitu, untuk berbuka dan mengakhiri sahur, sebaiknya menunggu tanda atau sinyal yang biasanya disiarkan melalui Musala atau Masjid terdekat. Karenanya, berikut ini akan kami sajikan rangkuman jadwal Imsakiyah Ramadhan 1446 Hijriyah di wilayah Pemalang dan Sekitarnya.
Harapannya, jadwal tersebut dapat menjadi rujukan bagi umat muslim dalam menjalankan ibadah puasa tahun ini. Sebagai informasi, Pemerintah sendiri telah menetapkan 1 Ramadan 1447 Hijriyah jatuh pada Kamis, 19 Februari 2026.
1. Kamis-Sabtu, 1-3 Ramadhan 1447 H/19-21 Februari 2026
2. Minggu-Selasa, 4-6 Ramadhan 1447 H/22-24 Februari 2026
3. Rabu-Jumat, 7-9 Ramadhan 1447 H/25-27 Februari 2026
4. Sabtu-Senin, 10-12 Ramadhan 1447 H/28 Februari-02 Maret 2026
5. Selasa-Rabu, 13-14 Ramadhan 1447 H/03-04 Maret 2026
6. Kamis-Sabtu, 15-17 Ramadhan 1447 H/ 05-07 Maret 2026

Jadwal Imsakiyah Pemalang Ramadan 1447 Hijriyah
7. Minggu-Senin, 18-19 Ramadhan 1447 H/08-09 Maret 2026
8. Selasa-Rabu, 20-21 Ramadhan 1447 H/10-11 Maret 2026
9. Kamis-Jumat, 22-23 Ramadhan 1447 H/12-13 Maret 2026
10. Sabtu-Minggu, 24-25 Ramadhan 1447 H/14-15 Maret 2026
11. Senin-Selasa, 26-27 Ramadhan 1447 H/16-17 Maret 2026
12. Rabu-Kamis, 28-29 Ramadhan 1447 H/18-19 Maret 2026
13. Jumat 30 Ramadhan 1447 H/19 Maret 2025
Jadwal Imsakiyah tersebut merupakan rujukan untuk waktu berbuka dan akhir sahur, agar Anda bisa mempersiapkan diri dengan baik. Kepastian waktu berbuka dan mengakhiri sahur sebaiknya menunggu tanda dari Masjid atau Musala terdekat.
Itulah jadwal Imsakiyah Ramadhan 1446 Hijriyah untuk wilayah Pemalang dan Sekitarnya. Selamat menjalankan ibadah puasa Ramadan tahun ini.",berita pemalang hari ini | imsakiyah | berita pemalang | pemalang | ramadan | imsak | kabupaten
Jadwal Imsakiyah Tegal dan Sekitarnya Ramadhan 1447 Hijriyah,"Rabu 18-02-2026,21:00 WIB",https://radartegal.disway.id/lokal/read/723021/jadwal-imsakiyah-tegal-dan-sekitarnya-ramadhan-1447-hijriyah,"Jadwal Imsakiyah untuk wilayah Kota Tegal dan Sekitarnya Ramadan 1447 Hijriyah
TEGAL, radartegal.com - Pemerintah telah menetapkan awal Ramadan 1447 Hijriyah bertepatan dengan 2026 Masehi. Kantor Kementerian Agama telah mengeluarkan Jadwal Imsakiyah untuk wilayah Kota TEGAL.
Itu untuk membantu umat muslim dalam menjalankan ibadah puasa dan salat selama Ramadhan. Denban melihat jadwal imsakiyah tersebut, umat muslim khususnya yang ada di Kota Tegal dapat menjalankan ibadah puasa dengan baik.
Mereka dapat memperkirakan kapan waktu untuk berbuka dan sahur. Sehingga mereka bisa melakukan persiapan.
Berdasarkan sidang isbat yang digelar oleh Kementrian Agama Republik Indonesia awal Ramadan tahun ini bertepatan dengan 19 Februari 2026. Sehingga, jadwal imsakiyah Ramadhan berikut ini juga mengacu pada hasil sidang isbat itu.
Karenanya, berikut ini akan kami sajikan rangkuman jadwal Imsakiyah Ramadhan 1446 Hijriyah di wilayah Tegal dan Sekitarnya. Harapannya, jadwal tersebut dapat menjadi rujukan bagi umat muslim dalam menjalankan ibadah puasa tahun ini.
Jadwal Imsakiyah Ramadhan untuk Wilayah Brebes dan Sekitarnya.
1. Kamis-Sabtu, 1-3 Ramadhan 1447 H/19-21 Februari 2026
2. Minggu-Selasa, 4-6 Ramadhan 1447 H/22-24 Februari 2026
3. Rabu-Jumat, 7-9 Ramadhan 1447 H/25-27 Februari 2026
4. Sabtu-Senin, 10-12 Ramadhan 1447 H/28 Februari-02 Maret 2026

Jadwal Imsakiyah untuk wilayah Kota Tegal dan Sekitarnya Ramadan 1447 Hijriyah
5. Selasa-Rabu, 13-14 Ramadhan 1447 H/03-04 Maret 2026
6. Kamis-Jumat, 15-16 Ramadhan 1447 H/ 05-06 Maret 2026
7. Sabtu-Senin, 17-19 Ramadhan 1447 H/07-09 Maret 2026
8. Selasa-Rabu, 20-21 Ramadhan 1447 H/10-11 Maret 2026
9. Kamis-Jumat, 22-23 Ramadhan 1447 H/12-13 Maret 2026
10. Sabtu-Minggu, 24-25 Ramadhan 1447 H/14-15 Maret 2026
11. Senin-Selasa, 26-27 Ramadhan 1447 H/16-17 Maret 2026
12. Rabu-Kamis, 28-29 Ramadhan 1447 H/18-19 Maret 2026
13. Jumat 30 Ramadhan 1447 H/20 Maret 2025
Jadwal Imsakiyah tersebut hanya sebagai rujukan untuk waktu berbuka dan akhir sahur, agar Anda bisa mempersiapkan diri dengan baik. Untuk kepastian waktu berbuka dan mengakhiri sahur sebaiknya menunggu tanda dari Masjid atau Musala terdekat.
Itulah jadwal Imsakiyah Ramadhan 1446 Hijriyah untuk wilayah Tegal dan Sekitarnya. Selamat menjalankan ibadah puasa Ramadhan tahun ini.",berita tegal terbaru | berita tegal hari ini | imsakiyah | berita tegal | kota | tegal | ramadan
"Bahaya Tanah Gerak Sirampog, Gubernur Ahmad Luthfi Larang Warga Brebes Kembali ke Rumah","Rabu 18-02-2026,16:17 WIB",https://radartegal.disway.id/lokal/read/723010/bahaya-tanah-gerak-sirampog-gubernur-ahmad-luthfi-larang-warga-brebes-kembali-ke-rumah,"RELOKASI- Gubernur Jateng Ahmad Luthfi melarang warga terdampak tanah gerak di Sirampog, Brebes kembali ke rumah karena tanah labil. Pemerintah siapkan opsi relokasi.-Istimewa-
SIRAMPOG, radartegal.com – Gubernur Jawa Tengah Ahmad Luthfi, memberikan peringatan keras kepada warga korban bencana tanah gerak di Dukuh Bojongsari, Desa Sridadi, Kecamatan SIRAMPOG, Kabupaten Brebes. Dia meminta warga untuk tidak kembali ke rumah masing-masing karena kondisi tanah yang dinilai masih sangat labil dan berpotensi membahayakan keselamatan.
Instruksi tersebut disampaikan langsung oleh Gubernur saat meninjau lokasi pengungsian pada Rabu 18 Februari 2026.
""Jangan kembali ke rumah. Biar nanti pemerintah yang urus,"" tegas Luthfi di hadapan para pengungsi guna mencegah terjadinya korban jiwa akibat susulan pergerakan tanah.
Saat ini, pusat pengungsian warga dialokasikan di Pondok Pesantren Bahrul Qur’an Al Munawwir, Dukuh Limbangan, Desa Sridadi. Tercatat sebanyak 37 kepala keluarga atau sekitar 65 jiwa tengah bertahan di fasilitas tersebut.
Dalam kunjungan tersebut, Gubernur didampingi oleh Bupati Brebes Paramitha Widya Kusuma. Selain berdialog untuk menyerap aspirasi warga, Gubernur juga menyerahkan bantuan secara simbolis untuk meringankan beban para penyintas.
Berdasarkan data terbaru dari pemerintah daerah, bencana yang terjadi sejak 30 Januari 2026 ini telah memberikan dampak yang signifikan:
Pemerintah Provinsi Jawa Tengah memastikan bahwa kebutuhan dasar pengungsi akan terus terpenuhi selama masa tanggap darurat. Layanan kesehatan, dukungan pendidikan bagi anak-anak, hingga dapur umum telah disiagakan untuk menjamin distribusi logistik yang lancar.
Setelah meninjau posko, Gubernur Ahmad Luthfi menggelar rapat koordinasi bersama dinas terkait dari tingkat kabupaten maupun provinsi. Fokus utama rapat tersebut adalah membahas percepatan penanganan dan langkah jangka panjang, termasuk opsi relokasi ke wilayah yang lebih aman.
""Kita cari solusi permanen agar warga tidak lagi dihantui risiko pergerakan tanah di masa depan,"" pungkasnya.",tanah gerak | ahmad luthfi | desa sridadi | sirampog | paramitha widya kusuma | brebes
"Ringankan Beban Warga Padasari, Yamaha Jateng Gelar Aksi Sosial dan Layanan Servis Gratis","Rabu 18-02-2026,15:30 WIB",https://radartegal.disway.id/lokal/read/723009/ringankan-beban-warga-padasari-yamaha-jateng-gelar-aksi-sosial-dan-layanan-servis-gratis,"YAMAHA PEDULI- Yamaha Jateng dan Yamaha SIP Tegal memberikan bantuan sembako serta layanan servis dan oli gratis bagi korban bencana tanah bergerak di Desa Padasari, Tegal.-Istimewa-
PADASARI, radartegal.com – Sebagai wujud kepedulian nyata terhadap sesama, Yamaha Jateng bersama Yamaha SIP Tegal terjun langsung ke lokasi bencana tanah bergerak di Desa PADASARI, Kabupaten Tegal. Selain menyalurkan logistik, Yamaha juga memberikan dukungan teknis bagi kendaraan warga yang terdampak.
Chief DD3 Jateng dan DIY Bill Gunawan, menuturkan bahwa program ini merupakan bentuk partisipasi aktif Yamaha dalam membantu pemulihan warga Padasari yang tertimpa musibah tanah bergerak.
""Kami turut prihatin atas musibah yang menimpa saudara kita di Padasari. Melalui bantuan ini, kami berharap dapat sedikit meringankan beban masyarakat yang terdampak,"" ujar Bill.
Dalam aksi sosial ini, Yamaha menyalurkan berbagai bantuan kebutuhan pokok, di antaranya:
Menyadari pentingnya fungsi transportasi dalam kondisi darurat, Yamaha tidak hanya memberikan bantuan barang. Mereka juga mendirikan tenda servis gratis untuk memastikan motor milik warga tetap dalam kondisi prima.
""Kami juga membuka layanan servis dan oli gratis bagi warga yang kondisi motornya terkena dampak bencana,"" tambah Bill.
Aksi ini mendapat respons yang sangat positif dari masyarakat setempat. Hal ini terlihat dari banyaknya warga yang mengantre untuk memeriksakan kendaraan mereka agar tetap layak jalan guna mobilitas sehari-hari.
Ruslani, salah satu tokoh masyarakat sekaligus mantan Kepala Desa Padasari, menyampaikan rasa terima kasihnya atas inisiatif cepat yang dilakukan oleh pihak Yamaha.
""Maturnuwun sekali buat Yamaha yang sudah turut peduli kepada kami,"" ungkap Ruslani dengan haru yang mengaku sengaja datang untuk melakukan servis motor plus mendapat oli gratis.

YAMAHA PEDULI- Yamaha Jateng dan Yamaha SIP Tegal memberikan bantuan sembako serta layanan servis dan oli gratis bagi korban bencana tanah bergerak di Desa Padasari, Tegal.-Istimewa-
Menutup rangkaian kegiatan tersebut, Bill Gunawan menegaskan komitmen Yamaha untuk terus hadir di tengah masyarakat.
""Yamaha hadir tidak hanya membawa bantuan, tapi juga semangat untuk membantu warga bangkit dari masa sulit,"" pungkasnya.",servis gratis yamaha | csr yamaha | kabar tegal | yamaha sip tegal | padasari | yamaha jateng
"Tanggul Cisanggarung Kritis, Pemukiman Warga Losari Brebes Terancam","Rabu 18-02-2026,14:41 WIB",https://radartegal.disway.id/lokal/read/723008/tanggul-cisanggarung-kritis-pemukiman-warga-losari-brebes-terancam,"Sejumlah tanggul Sungai Cisanggarung di wilayah Kecamatan Losari kondisinya sangat memprihatinkan atau kritis. Sejumlah warga Karangsambung saat gotong royong membangun tanggul darurat.(istimewa)
BREBES, radartegal.com - Kondisi sejumlah tanggul Sungai Cisanggarung di wilayah Kecamatan Losari Kabupaten BREBES sangat memprihatinkan atau kritis. Kondisi tersebut mengancam pemukiman yang ada di dekat tanggul.
Kondisi tanggul yang kondisinya kritis contohnya berada di Desa Bojongsari, Karangsambung dan Desa Babakan. Di Desa Bojongsari, total ada satu tanggul yang kondisinya hanya menyisakan beberapa meter saja dan tiga lainnya kondisinya sudah mulai longsor dan rendah.
""Kalau yang hanya menyisakan beberapa meter itu ada satu dan sisanya kondisinya sudah rendah,"" ungkap Sekretaris Desa Bojongsari Budi Sontani, Rabu 18 Februari 2026.
Budi menyebutkan, berkaca tahun 2018 lalu di wilayahnya ada tanggul yang jebol. Akibatnya, hampir seluruhnya wilayah Bojongsari terendam banjir.
""Dikhawatirkan, kalau tidak ada penanganan serius atau permanen tanggul tersebut akan jebol dan mengancam pemukiman warga,"" terang dia.
Hal senada juga disampaikan oleh Kades Karangsambung Kosim. Dia menyebutkan ada tiga tanggul di wilayahnya yang kondisinya sangat memprihatinkan. Selain sudah rendah, tanggul tersebut juga sudah tergerus air Sungai Cisanggarung saat debit airnya mengalami peningkatan.
""Bahayanya, tanggul tersebut dekat dengan pemukiman. Jadi kalau jebol itu jelas banyak rumah warga yang terdampak,"" terangnya.
Bahkan, untuk penanganan sementara pihaknya telah melakukan perbaikan secara darurat. Penanganan tersebut, kata dia, yakni menggunakan kayu dolken, karung dan bambu.
""Kalau debit air Sungai Cisanggarung tanggul darurat itu akan hilang lagi. Jadi, kami harap ada perbaikan permanen,"" terangnya.
Terpisah, Kades Babakan Cahyoto Imanudin mengaku ada empat titik tanggul yang kondisinya kritis. Pihaknya berharap ada penanganan serius dan perbaikan permanen di tanggul tersebut.

Sejumlah tanggul Sungai Cisanggarung di wilayah Kecamatan Losari kondisinya sangat memprihatinkan atau kritis. Sejumlah warga Karangsambung saat gotong royong membangun tanggul darurat.(istimewa)
""Rencananya kita akan ajukan usulan perbaikan ini ke Balai Besar Cimanuk Cisanggarung (Cimancis) bersama Pak Camat Losari. Semoga ada ada hasilnya,"" pungkasnya.",tanggul darurat | losari | tanggul | sungai cisanggarung | brebes | banjir
Wagub Minta Pembangunan Huntara Pengungsi Tanah Bergerak Tegal Dipercepat,"Rabu 18-02-2026,08:00 WIB",https://radartegal.disway.id/lokal/read/723004/wagub-minta-pembangunan-huntara-pengungsi-tanah-bergerak-tegal-dipercepat,"DIALOG - Wagub Jateng Taj Yasin Maimoen berdialog dengan pengungsi tanah bergerak Padasari Tegal. Taj Yasin minta pembangunan huntara dipercepat.-istimewa-
TEGAL, radartegal.com – Wakil Gubernur (Wagub) Jawa Tengah, Taj Yasin Maimoen minta pembangunan hunian sementara (huntara) pengungsi tanah bergerak Padasari Tegal dipercepat. Permintaan itu disampaikan saat Wagub mengunjungi pengungsi di pondok pesantren Al Adalah 2 dan posko pengungsian warga di Desa Padasari, Jatinegara, Kabupaten Tegal, Selasa, 17 Februari 2026 malam.
Didampingi istrinya Nawal Arafah Yasin, Wagub berdialog dengan sejumlah pengungsi. Selain itu, juga menyalurkan sejumlah bantuan untuk warga terdampak tanah bergerak Padasari Tegal.
Taj Yasin mengatakan, walaupun kondisi pengungsi sehat, namun ia meminta agar proses pembangunan hunian sementara (huntara) dipercepat. Mengingat warga sudah merasa cukup lama tinggal di pengungsian.
“Yang membuat tak nyaman karena bukan rumah sendiri, dan sampai kapan (di pengungsian). Maka yang kita butuhkan percepatan huntaranya,"" kata dia.
Untuk kebutuhan huntara, menurut Wagub, dibutuhkan 900 rumah. Saat ini sudah dibangun 550 rumah. Masih butuh lahan sisanya sekitar 350 rumah.
""Ini yang harus kita kawal, nanti kita carikan solusinya. Di sini sebenarnya lahan luas, cuma masih belum direkomendasikan oleh BMKG dan ESDM, karena tanahnya sebagian masih labil. Sehingga kita benar-benar memastikan tanah yang pas,"" ujar Taj Yasin.
Memasuki Ramadan, Wagub berpesan semua pengungsi yang muslim harus tetap menjalankan ibadah. Dia memastikan Biro Kesra Provinsi Jateng  untuk menyediakan tempat ibadah dan musala yang layak.
""Kami pastikan dari pemerintah untuk menyiapkan sahur dan buka puasa, insyaa Allah sudah kita siapkan semuanya,” ucapnya.

DIALOG - Wagub Jateng Taj Yasin Maimoen berdialog dengan pengungsi tanah bergerak Padasari Tegal. Taj Yasin minta pembangunan huntara dipercepat.-istimewa-
Adapun bantuan logistik yang disalurkan Taj Yasin berupa makanan, dan non-permakanan, obat dan vitamin, tas dan alat tulis, beras, dan lainnya.  Total bantuan dari pemerintah provinsi itu senilai Rp239.315.923.
Sebagaimana diketahui bencana tanah bergerak mulai terjadi di Padasari Tegal, pada Minggu, 1 Februari 2026. Bencana ini mengakibatkan sedikitnya 2.453 jiwa atau sekitar 596 KK mengungsi, dan 900 an rumah rusak.
Ada tiga lahan alternatif relokasi telah disiapkan. Di Desa Padasari, Lebakwangi, dan Capar, Kecamatan Jatinegara, Kabupaten Tegal.",padasari | huntara | tanah bergerak | taj yasin maimoen | kabupaten tegal | wagub | pengungsi
"Jadi Ancaman Serius, Camat Comal Pemalang Ajak Masyarakat Hentikan Kebiasaan Buang Sampah ke Sungai","Rabu 18-02-2026,07:00 WIB",https://radartegal.disway.id/lokal/read/723001/jadi-ancaman-serius-camat-comal-pemalang-ajak-masyarakat-hentikan-kebiasaan-buang-sampah-ke-sungai,"COMAL, radartegal.com – Camat Comal Kabupaten Pemalang Muchammad Maksum mengajak seluruh masyarakat di wilayahnya untuk menghentikan kebiasaan membuang sampah ke sungai. Ajakan tersebut disampaikan sebagai bentuk kepedulian kondisi lingkungan serta upaya mencegah berbagai dampak buruk yang merugikan masyarakat.
Maksum menegaskan bahwa sungai bagi masyarakat bukan sekadar aliran air, melainkan urat nadi kehidupan, sumber irigasi pertanian, sekaligus identitas wilayah. Namun, masih ditemukan kebiasaan kurang bijak dengan menjadikan sungai sebagai tempat pembuangan sampah.
""Buang sampah ke sungai bukan hanya soal estetika atau pemandangan, tetapi ancaman serius bagi kita semua,"" tegasnya, Selasa, 17 Februari 2026.
Menurutnya, setidaknya terdapat beberapa dampak besar yang harus menjadi perhatian bersama:
Pertama, potensi bencana banjir. Sampah yang menumpuk menghambat aliran air sehingga saat musim hujan, air tidak dapat mengalir ke laut dan meluap ke permukiman warga.
Kondisi ini kerap dirasakan masyarakat Comal setiap musim hujan lebat.
Kedua, ancaman wabah penyakit. Sungai yang kotor berpotensi menjadi sarang nyamuk, tikus, serta sumber bakteri yang memicu penyakit seperti diare dan penyakit kulit.
Ketiga, kerusakan ekosistem dan dampak ekonomi. Ikan dapat mati dan kualitas air menurun sehingga tidak layak digunakan untuk kebutuhan sehari-hari maupun pertanian.
Keempat, Kerusakan infrastruktur. Luapan air sungai dapat menggenangi jalan hingga menyebabkan kerusakan dan lubang pada infrastruktur jalan.
Maka, Maksum mengimbau masyarakat untuk memulai perubahan dari lingkungan keluarga masing-masing. Upaya yang dapat dilakukan antara lain memilah sampah organik dan anorganik, memanfaatkan layanan pengangkutan sampah desa, serta saling mengingatkan apabila masih ada warga yang membuang sampah ke sungai.

""Comal adalah rumah kita bersama. Mari kita wariskan sungai yang bersih bagi anak cucu kita, bukan tumpukan limbah dan bencana,"" pungkasnya.",kecamatan comal | kabupaten pemalang | sungai | sampah
"Motif Dibalik Kasus Mayat Dalam Koper di Brebes Terungkap, Polisi Temukan Hal Ini","Selasa 17-02-2026,19:00 WIB",https://radartegal.disway.id/lokal/read/722997/motif-dibalik-kasus-mayat-dalam-koper-di-brebes-terungkap-polisi-temukan-hal-ini,"Kapolres Brebes saat menerangkan terkait proses pengungkapan pembunuhan yang korbannya dimasukkan ke dalam koper di Banjarharjo.(istimewa)
BREBES, radartegal.com - Kepolisian mengungkap motif pembunuhan yang korbannya dimasukan ke dalam koper di sebuah rumah kosong di Desa Sukareja, Kecamatan Banjarharjo, Senin 16 Februari 2026 lalu.
Diketahui pelaku bernama berinisial R (45) merupakan warga Desa Sukareja, Kecamatan Banjarharjo. Sedangkan korbannya merupakan tetangga desa yaitu Sapri (67) warga Desa Pende, Kecamatan Banjarharjo.
Kapolres Brebes, AKBP Lilik Ardiansyah menyebut dari pengakuan pelaku mengaku marah setelah ditampar oleh korban. Lantaran pelaku belum membayar hutang.
""Pelaku ini merasa kesal dan emosi saat ditagih hutang. Di mana korban memang sempat menampar pelaku. Sehingga pelaku emosi dan sempat mengambil batu di dekatnya kemudian memukul korban,"" kata AKBP Lilik di Mapolres Brebes, Selasa 17 Februari 2026.
Pelaku dikenakan Pasal 479 Nomor 1 Tahun 2023 KUHP terbaru dengan ancaman hukuman 20 tahun penjara, dan Pasal 458 Nomor 1 Tahun 2023 dengan ancaman hukuman 15 tahun penjara.
""Dikenakan pasal berlapis. Karena pada saat pelaku menghabisi korban, pelaku juga mengambil handphone dan uang milik korban sebesar Rp15.622.000,"" tuturnya.
Selain itu, polisi juga masih mendalami dugaan apakah pelaku memang telah merencanakan pembunuhan itu sebelumnya.
Sementara anak dari korban, Rohman menyebut sebelum ditemukan tewas, ayahnya sempat berpamitan untuk pergi ke Desa Sukareja pada Minggu malam, sekitar pukul 22.30 WIB.
Ayahnya disebut hendak menemui seseorang yang memiliki hutang Rp5 juta. Saat pergi, ayahnya membawa uang Rp20 juta serta sebuah telepon genggam. ""Bapak pamit mau menemui orang yang punya utang. Katanya hanya sebentar, namun tidak pulang-pulang ternyata ditemukan meninggal dunia,"" katanya.
Sebelumnya diberitakan, polisi akhirnya mengungkap temuan mayat dalam koper yang ditemukan warga di sebuah rumah kosong di Desa Sukareja, Kecamatan Banjarharjo, Senin 16 Februari 2026 lalu.

Kapolres Brebes saat menerangkan terkait proses pengungkapan pembunuhan yang korbannya dimasukkan ke dalam koper di Banjarharjo.(istimewa)
Diketahui, identitas mayat yang merupakan korban pembunuhan tersebut adalah Sapri (67) warga Desa Pende, Kecamatan Banjarharjo, Brebes. Sementara itu, pelaku berinisial R (45) berhasil diringkus polisi kurang dari sehari saat bersembunyi di rumah istrinya di Kabupaten Majalengka.
""Tim Resmob Satreskrim Polres Brebes menangkap pelaku di wilayah Majalengka, Jawa Barat,"" kata Kepala Kepolisian Resor (Polres) Brebes, AKBP Lilik Ardiansyah di Markas Polres Brebes.",brebes hari ini | kabupaten brebes
"Krisis Air Bersih di Tegal, DPUPR Salurkan Bantuan","Selasa 17-02-2026,18:33 WIB",https://radartegal.disway.id/lokal/read/722999/krisis-air-bersih-di-tegal-dpupr-salurkan-bantuan,"KRISIS - Warga terdampak krisis air bersih di Tegal tengah antre air bersih
TEGAL, radartegal.com - Kondisi krisis air bersih dirasakan hampir di semua wilayah di Kota TEGAL. Itu, menyusul terhentinya aliran air PDAM akibat belum selesainya perbaikan jaringan yang rusak karena bencana alam.
Terkait itu, Dinas Pekerjaan Umum dan Penataan Ruang (DPUPR) Kota Tegal menggelontorkan bantuan air bersih. Seperti yang dilakukan pada Selasa, 17 Februari 2026 siang.
Plt. Kepala DPUPR Kota Tegal Heru Prasetya mengatakan penyaluran air bersih dilakukan sejak Senin, 16 Februari 2026 kemarin. Bantuan disalurkan di dua tim yang mengirimkan air untuk Kelurahan Muarareja, RW13 Kelurahan Panggung, Kelurahan Bandung dan Kelurahan Debong Kidul.
""Kita, mulai menyalurkan bantuan air bersih sejak kemarin. Ada dua titik, Muarareja pagi, Panggung siangnya, lanjut Kelurahan Bandung dan Kelurahan Debong Kidul sampai malam,"" katanya.
Hari ini, kata Heru, tim satu ke RW 1 Kelurahan Sumpang dan RW 3 Kelurahan Krandon. Untuk tim dua, ke Kelurahan Tunon dan Debong Tengah.
""Permintaan banyak, seperti yang sudah masuk ada dari Jalan Batam, Kelurahan Panggung dan Kelurahan Kraton,"" ujarnya.
Heru menambahkan, untuk bantuan air bersih yang disalurkan per titik sekitar 8.000 liter. Untuk suplai airnya dari Water Ledeng PDAM dan warga tidak dipungut biaya alias gratis.",berita tegal terbaru | berita tegal hari ini | berita tegal | kota tegal | tegal | krisis
"Penemuan Jenazah dalam Koper di Brebes, Korban Ternyata Ketua RW","Selasa 17-02-2026,11:47 WIB",https://radartegal.disway.id/lokal/read/722991/penemuan-jenazah-dalam-koper-di-brebes-korban-ternyata-ketua-rw,"Korban yang diduga dibunuh dan jenazahnya disimpan dalam koper akhirnya dimakamkan oleh pihak keluarga, Selasa 17 Februari 2026. (Istimewa)
BREBES, radartegal.com - Korban yang diduga dibunuh dan jenazahnya disimpan dalam koper akhirnya dimakamkan oleh pihak keluarga, Selasa 17 Februari 2026. Proses pemakaman dilakukan di Tempat Pemakaman Umum (TPU) Desa Pende, Kecamatan Banjarharjo.
Sekretaris Desa (Sekde) Pende, Kecamatan Banjarharjo Tarsam menjelaskan, proses pemakaman sudah selesai sejak pukul 10.00 WIB tadi. Korban dimakamkan di TPU desa setempat.
""Sudah, Mas. Tadi sudah dimakamkan, selesai jam 10 tadi,"" ujarnya kepada media.
Tarsam menceritakan, semasa hidupnya korban dikenal ramah dan mudah bergaul dengan kerabat dan tetangga. Korban juga merupakan ketua Rukun Warga (RW) 02 di Desa Pende.
""Kebetulan korban ini merupakan Ketua RW 02 di Desa Pende. Jadi, semasa hidupnya korban dikenal ramah dan mudah membaur serta sering menyapa sapa lewat dan berpapasan dengan warga lainnya,"" terangnya.
Selain itu, lanjutnya, korban juga merupakan pengusaha hasil bumi di desa setempat dan sekitarnya.
""Kebetulan juga, korban ini merupakan pengusaha hasil bumi di desa kami dan sekitarnya,"" terangnya.
Saat ditanya terkait kebenaran korban dan terduga pelaku memiliki masalah hutang piutang, dirinya belum bisa memastikan lebih lanjut. Hanya saja, kata dia, korban ini sempat izin pada keluarganya untuk menagih hutang ke salah seorang yang berada di Desa Sukreja, Kecamatan Banjarharjo.
""Nah saat itu, korban berpamitan ke istrinya untuk menagih utang pada malam Minggu lalu, namun hingga pagi korban tidak juga pulang dan nomor HP milik korban juga tidak aktif. Setelah pagi itulah, keluarga korban mengutus orang untuk mencarinya namun tidak ketemu,"" terangnya.
""Di hari itu juga, ternyata pada Senin siang warga Sukareja menemukan mayat dalam koper yang setelah diperiksa ternyata warga kami (Korban, Red),"" pungkasnya.",sukareja | ketua rw | koper | korban pembunuhan | jenazah | penemuan mayat | brebes
"Sodokan Brian Axel Ferdian Bikin Tegal Mendunia, Begini Respon Pemkab",,https://radartegal.disway.id/lokal/read/722990/sodokan-brian-axel-ferdian-bikin-tegal-mendunia-begini-respon-pemkab,ERROR: gagal membuka https://radartegal.disway.id/lokal/read/722990/sodokan-brian-axel-ferdian-bikin-tegal-mendunia-begini-respon-pemkab,
